kind,id,namespace,gated_namespace,removed,source,detail
entity,minecraft:dolphin,minecraft,true,true,MANIFEST_DEFAULT,"manifest.json (remove, added 1.13, UNVERIFIED)"
entity,minecraft:trident,minecraft,true,true,MANIFEST_DEFAULT,"manifest.json (remove, added 1.13, UNVERIFIED)"
entity,minecraft:item_frame,minecraft,true,true,MANIFEST_DEFAULT,"manifest.json (remove, added 1.4, UNVERIFIED)"
entity,minecraft:phantom,minecraft,true,true,MANIFEST_DEFAULT,"manifest.json (remove, added 1.13, UNVERIFIED)"
entity,minecraft:text_display,minecraft,true,true,MANIFEST_DEFAULT,"manifest.json (remove, UNVERIFIED)"
entity,minecraft:wither_skeleton,minecraft,true,true,MANIFEST_DEFAULT,"manifest.json (remove, added 1.4, UNVERIFIED)"
entity,minecraft:piglin_brute,minecraft,true,true,MANIFEST_DEFAULT,"manifest.json (remove, added 1.16, UNVERIFIED)"
entity,minecraft:end_crystal,minecraft,true,true,MANIFEST_DEFAULT,"manifest.json (remove, added 1.9, UNVERIFIED)"
entity,minecraft:area_effect_cloud,minecraft,true,true,MANIFEST_DEFAULT,"manifest.json (remove, added 1.9, UNVERIFIED)"
entity,minecraft:frog,minecraft,true,true,MANIFEST_DEFAULT,"manifest.json (remove, added 1.19, UNVERIFIED)"
entity,minecraft:experience_orb,minecraft,true,false,MANIFEST_DEFAULT,"manifest.json (keep, UNVERIFIED)"
entity,minecraft:endermite,minecraft,true,true,MANIFEST_DEFAULT,"manifest.json (remove, added 1.8, UNVERIFIED)"
entity,minecraft:tadpole,minecraft,true,true,MANIFEST_DEFAULT,"manifest.json (remove, added 1.19, UNVERIFIED)"
entity,minecraft:arrow,minecraft,true,false,MANIFEST_DEFAULT,"manifest.json (keep, UNVERIFIED)"
entity,minecraft:bee,minecraft,true,true,MANIFEST_DEFAULT,"manifest.json (remove, added 1.15, UNVERIFIED)"
entity,minecraft:cow,minecraft,true,false,MANIFEST_DEFAULT,"manifest.json (keep, added b1.8 or earlier, verified)"
entity,minecraft:hopper_minecart,minecraft,true,true,MANIFEST_DEFAULT,"manifest.json (remove, added 1.5, UNVERIFIED)"
entity,minecraft:spider,minecraft,true,false,MANIFEST_DEFAULT,"manifest.json (keep, added b1.8 or earlier, verified)"
entity,minecraft:command_block_minecart,minecraft,true,true,MANIFEST_DEFAULT,"manifest.json (remove, UNVERIFIED)"
entity,minecraft:small_fireball,minecraft,true,true,MANIFEST_DEFAULT,"manifest.json (remove, UNVERIFIED)"
entity,minecraft:painting,minecraft,true,false,MANIFEST_DEFAULT,"manifest.json (keep, UNVERIFIED)"
entity,minecraft:cod,minecraft,true,true,MANIFEST_DEFAULT,"manifest.json (remove, added 1.13, UNVERIFIED)"
entity,minecraft:interaction,minecraft,true,true,MANIFEST_DEFAULT,"manifest.json (remove, UNVERIFIED)"
entity,minecraft:snow_golem,minecraft,true,true,MANIFEST_DEFAULT,"manifest.json (remove, added 1.0.0, UNVERIFIED)"
entity,minecraft:fishing_bobber,minecraft,true,false,MANIFEST_DEFAULT,"manifest.json (keep, UNVERIFIED)"
entity,minecraft:polar_bear,minecraft,true,true,MANIFEST_DEFAULT,"manifest.json (remove, added 1.10, UNVERIFIED)"
entity,minecraft:potion,minecraft,true,true,MANIFEST_DEFAULT,"manifest.json (remove, added 1.9, UNVERIFIED)"
entity,minecraft:furnace_minecart,minecraft,true,false,MANIFEST_DEFAULT,"manifest.json (keep, UNVERIFIED)"
entity,minecraft:wandering_trader,minecraft,true,true,MANIFEST_DEFAULT,"manifest.json (remove, added 1.14, UNVERIFIED)"
entity,minecraft:boat,minecraft,true,false,MANIFEST_DEFAULT,"manifest.json (keep, UNVERIFIED)"
entity,minecraft:experience_bottle,minecraft,true,true,MANIFEST_DEFAULT,"manifest.json (remove, added 1.9, UNVERIFIED)"
entity,minecraft:hoglin,minecraft,true,true,MANIFEST_DEFAULT,"manifest.json (remove, added 1.16, UNVERIFIED)"
entity,minecraft:pillager,minecraft,true,true,MANIFEST_DEFAULT,"manifest.json (remove, added 1.14, UNVERIFIED)"
entity,minecraft:rabbit,minecraft,true,true,MANIFEST_DEFAULT,"manifest.json (remove, added 1.8, UNVERIFIED)"
entity,minecraft:magma_cube,minecraft,true,true,MANIFEST_DEFAULT,"manifest.json (remove, added 1.0.0, UNVERIFIED)"
entity,minecraft:allay,minecraft,true,true,MANIFEST_DEFAULT,"manifest.json (remove, added 1.19, UNVERIFIED)"
entity,minecraft:bat,minecraft,true,true,MANIFEST_DEFAULT,"manifest.json (remove, added 1.4, UNVERIFIED)"
entity,minecraft:camel,minecraft,true,true,MANIFEST_DEFAULT,"manifest.json (remove, added 1.20, UNVERIFIED)"
entity,minecraft:player,minecraft,true,false,MANIFEST_DEFAULT,"manifest.json (keep, UNVERIFIED)"
entity,minecraft:blaze,minecraft,true,true,MANIFEST_DEFAULT,"manifest.json (remove, added 1.0.0, UNVERIFIED)"
entity,minecraft:llama,minecraft,true,true,MANIFEST_DEFAULT,"manifest.json (remove, added 1.11, UNVERIFIED)"
entity,minecraft:piglin,minecraft,true,true,MANIFEST_DEFAULT,"manifest.json (remove, added 1.16, UNVERIFIED)"
entity,minecraft:chicken,minecraft,true,false,MANIFEST_DEFAULT,"manifest.json (keep, added b1.8 or earlier, verified)"
entity,minecraft:slime,minecraft,true,false,MANIFEST_DEFAULT,"manifest.json (keep, added b1.8 or earlier, verified)"
entity,minecraft:panda,minecraft,true,true,MANIFEST_DEFAULT,"manifest.json (remove, added 1.14, UNVERIFIED)"
entity,minecraft:armor_stand,minecraft,true,true,MANIFEST_DEFAULT,"manifest.json (remove, added 1.8, UNVERIFIED)"
entity,minecraft:donkey,minecraft,true,true,MANIFEST_DEFAULT,"manifest.json (remove, added 1.6, UNVERIFIED)"
entity,minecraft:skeleton,minecraft,true,false,MANIFEST_DEFAULT,"manifest.json (keep, added b1.8 or earlier, verified)"
entity,minecraft:parrot,minecraft,true,true,MANIFEST_DEFAULT,"manifest.json (remove, added 1.12, UNVERIFIED)"
entity,minecraft:ender_dragon,minecraft,true,true,MANIFEST_DEFAULT,"manifest.json (remove, added 1.0.0, UNVERIFIED)"
entity,minecraft:shulker_bullet,minecraft,true,true,MANIFEST_DEFAULT,"manifest.json (remove, added 1.9, UNVERIFIED)"
entity,minecraft:salmon,minecraft,true,true,MANIFEST_DEFAULT,"manifest.json (remove, added 1.13, UNVERIFIED)"
entity,minecraft:glow_item_frame,minecraft,true,true,MANIFEST_DEFAULT,"manifest.json (remove, added 1.17, UNVERIFIED)"
entity,minecraft:llama_spit,minecraft,true,true,MANIFEST_DEFAULT,"manifest.json (remove, added 1.11, UNVERIFIED)"
entity,minecraft:snowball,minecraft,true,false,MANIFEST_DEFAULT,"manifest.json (keep, UNVERIFIED)"
entity,minecraft:tnt,minecraft,true,false,MANIFEST_DEFAULT,"manifest.json (keep, UNVERIFIED)"
entity,minecraft:skeleton_horse,minecraft,true,true,MANIFEST_DEFAULT,"manifest.json (remove, UNVERIFIED)"
entity,minecraft:item,minecraft,true,false,MANIFEST_DEFAULT,"manifest.json (keep, UNVERIFIED)"
entity,minecraft:elder_guardian,minecraft,true,true,MANIFEST_DEFAULT,"manifest.json (remove, added 1.8, UNVERIFIED)"
entity,minecraft:strider,minecraft,true,true,MANIFEST_DEFAULT,"manifest.json (remove, added 1.16, UNVERIFIED)"
entity,minecraft:goat,minecraft,true,true,MANIFEST_DEFAULT,"manifest.json (remove, added 1.17, UNVERIFIED)"
entity,minecraft:fox,minecraft,true,true,MANIFEST_DEFAULT,"manifest.json (remove, added 1.14, UNVERIFIED)"
entity,minecraft:mule,minecraft,true,true,MANIFEST_DEFAULT,"manifest.json (remove, added 1.6, UNVERIFIED)"
entity,minecraft:chest_boat,minecraft,true,true,MANIFEST_DEFAULT,"manifest.json (remove, UNVERIFIED)"
entity,minecraft:giant,minecraft,true,false,MANIFEST_DEFAULT,"manifest.json (keep, UNVERIFIED)"
entity,minecraft:fireball,minecraft,true,false,MANIFEST_DEFAULT,"manifest.json (keep, UNVERIFIED)"
entity,minecraft:zombie_villager,minecraft,true,true,MANIFEST_DEFAULT,"manifest.json (remove, added 1.14, UNVERIFIED)"
entity,minecraft:silverfish,minecraft,true,false,MANIFEST_DEFAULT,"manifest.json (keep, added b1.8 or earlier, verified)"
entity,minecraft:sheep,minecraft,true,false,MANIFEST_DEFAULT,"manifest.json (keep, added b1.8 or earlier, verified)"
entity,minecraft:firework_rocket,minecraft,true,true,MANIFEST_DEFAULT,"manifest.json (remove, added 1.9, UNVERIFIED)"
entity,minecraft:guardian,minecraft,true,true,MANIFEST_DEFAULT,"manifest.json (remove, added 1.8, UNVERIFIED)"
entity,minecraft:husk,minecraft,true,true,MANIFEST_DEFAULT,"manifest.json (remove, added 1.10, UNVERIFIED)"
entity,minecraft:cat,minecraft,true,true,MANIFEST_DEFAULT,"manifest.json (remove, added 1.14, UNVERIFIED)"
entity,minecraft:iron_golem,minecraft,true,true,MANIFEST_DEFAULT,"manifest.json (remove, added 1.2, UNVERIFIED)"
entity,minecraft:zombie_horse,minecraft,true,true,MANIFEST_DEFAULT,"manifest.json (remove, UNVERIFIED)"
entity,minecraft:sniffer,minecraft,true,true,MANIFEST_DEFAULT,"manifest.json (remove, added 1.20, UNVERIFIED)"
entity,minecraft:dragon_fireball,minecraft,true,true,MANIFEST_DEFAULT,"manifest.json (remove, added 1.9, UNVERIFIED)"
entity,minecraft:item_display,minecraft,true,true,MANIFEST_DEFAULT,"manifest.json (remove, UNVERIFIED)"
entity,minecraft:tropical_fish,minecraft,true,true,MANIFEST_DEFAULT,"manifest.json (remove, added 1.13, UNVERIFIED)"
entity,minecraft:egg,minecraft,true,false,MANIFEST_DEFAULT,"manifest.json (keep, UNVERIFIED)"
entity,minecraft:ender_pearl,minecraft,true,true,MANIFEST_DEFAULT,"manifest.json (remove, UNVERIFIED)"
entity,minecraft:witch,minecraft,true,true,MANIFEST_DEFAULT,"manifest.json (remove, added 1.4, UNVERIFIED)"
entity,minecraft:wither,minecraft,true,true,MANIFEST_DEFAULT,"manifest.json (remove, added 1.4, UNVERIFIED)"
entity,minecraft:eye_of_ender,minecraft,true,true,MANIFEST_DEFAULT,"manifest.json (remove, UNVERIFIED)"
entity,minecraft:falling_block,minecraft,true,false,MANIFEST_DEFAULT,"manifest.json (keep, UNVERIFIED)"
entity,minecraft:zoglin,minecraft,true,true,MANIFEST_DEFAULT,"manifest.json (remove, added 1.16, UNVERIFIED)"
entity,minecraft:creeper,minecraft,true,false,MANIFEST_DEFAULT,"manifest.json (keep, added b1.8 or earlier, verified)"
entity,minecraft:stray,minecraft,true,true,MANIFEST_DEFAULT,"manifest.json (remove, added 1.10, UNVERIFIED)"
entity,minecraft:illusioner,minecraft,true,true,MANIFEST_DEFAULT,"manifest.json (remove, added 1.11, UNVERIFIED)"
entity,minecraft:pufferfish,minecraft,true,true,MANIFEST_DEFAULT,"manifest.json (remove, added 1.13, UNVERIFIED)"
entity,minecraft:wither_skull,minecraft,true,true,MANIFEST_DEFAULT,"manifest.json (remove, added 1.4, UNVERIFIED)"
entity,minecraft:shulker,minecraft,true,true,MANIFEST_DEFAULT,"manifest.json (remove, added 1.9, UNVERIFIED)"
entity,minecraft:turtle,minecraft,true,true,MANIFEST_DEFAULT,"manifest.json (remove, added 1.13, UNVERIFIED)"
entity,minecraft:spectral_arrow,minecraft,true,true,MANIFEST_DEFAULT,"manifest.json (remove, added 1.9, UNVERIFIED)"
entity,minecraft:block_display,minecraft,true,true,MANIFEST_DEFAULT,"manifest.json (remove, UNVERIFIED)"
entity,minecraft:tnt_minecart,minecraft,true,true,MANIFEST_DEFAULT,"manifest.json (remove, added 1.5, UNVERIFIED)"
entity,minecraft:cave_spider,minecraft,true,false,MANIFEST_DEFAULT,"manifest.json (keep, added b1.8 or earlier, verified)"
entity,minecraft:villager,minecraft,true,true,MANIFEST_DEFAULT,"manifest.json (remove, added 1.14, UNVERIFIED)"
entity,minecraft:wolf,minecraft,true,false,MANIFEST_DEFAULT,"manifest.json (keep, added b1.8 or earlier, verified)"
entity,minecraft:ocelot,minecraft,true,true,MANIFEST_DEFAULT,"manifest.json (remove, added 1.2, UNVERIFIED)"
entity,minecraft:vex,minecraft,true,true,MANIFEST_DEFAULT,"manifest.json (remove, added 1.11, UNVERIFIED)"
entity,minecraft:pig,minecraft,true,false,MANIFEST_DEFAULT,"manifest.json (keep, added b1.8 or earlier, verified)"
entity,minecraft:zombified_piglin,minecraft,true,false,MANIFEST_DEFAULT,"manifest.json (keep, added b1.8 or earlier, verified)"
entity,minecraft:drowned,minecraft,true,true,MANIFEST_DEFAULT,"manifest.json (remove, added 1.13, UNVERIFIED)"
entity,minecraft:zombie,minecraft,true,false,MANIFEST_DEFAULT,"manifest.json (keep, added b1.8 or earlier, verified)"
entity,minecraft:ghast,minecraft,true,false,MANIFEST_DEFAULT,"manifest.json (keep, added b1.8 or earlier, verified)"
entity,minecraft:trader_llama,minecraft,true,true,MANIFEST_DEFAULT,"manifest.json (remove, added 1.11, UNVERIFIED)"
entity,minecraft:axolotl,minecraft,true,true,MANIFEST_DEFAULT,"manifest.json (remove, added 1.17, UNVERIFIED)"
entity,minecraft:evoker_fangs,minecraft,true,true,MANIFEST_DEFAULT,"manifest.json (remove, added 1.11, UNVERIFIED)"
entity,minecraft:mooshroom,minecraft,true,true,MANIFEST_DEFAULT,"manifest.json (remove, added 1.0.0, UNVERIFIED)"
entity,minecraft:ravager,minecraft,true,true,MANIFEST_DEFAULT,"manifest.json (remove, added 1.14, UNVERIFIED)"
entity,minecraft:leash_knot,minecraft,true,true,MANIFEST_DEFAULT,"manifest.json (remove, UNVERIFIED)"
entity,minecraft:horse,minecraft,true,true,MANIFEST_DEFAULT,"manifest.json (remove, added 1.6, UNVERIFIED)"
entity,minecraft:spawner_minecart,minecraft,true,true,MANIFEST_DEFAULT,"manifest.json (remove, UNVERIFIED)"
entity,minecraft:evoker,minecraft,true,true,MANIFEST_DEFAULT,"manifest.json (remove, added 1.11, UNVERIFIED)"
entity,minecraft:marker,minecraft,true,false,MANIFEST_DEFAULT,"manifest.json (keep, UNVERIFIED)"
entity,minecraft:minecart,minecraft,true,false,MANIFEST_DEFAULT,"manifest.json (keep, UNVERIFIED)"
entity,minecraft:chest_minecart,minecraft,true,false,MANIFEST_DEFAULT,"manifest.json (keep, UNVERIFIED)"
entity,minecraft:warden,minecraft,true,true,MANIFEST_DEFAULT,"manifest.json (remove, added 1.19, UNVERIFIED)"
entity,minecraft:vindicator,minecraft,true,true,MANIFEST_DEFAULT,"manifest.json (remove, added 1.11, UNVERIFIED)"
entity,minecraft:glow_squid,minecraft,true,true,MANIFEST_DEFAULT,"manifest.json (remove, added 1.17, UNVERIFIED)"
entity,minecraft:enderman,minecraft,true,false,MANIFEST_DEFAULT,"manifest.json (keep, added b1.8 or earlier, verified)"
entity,minecraft:lightning_bolt,minecraft,true,false,MANIFEST_DEFAULT,"manifest.json (keep, UNVERIFIED)"
entity,minecraft:squid,minecraft,true,false,MANIFEST_DEFAULT,"manifest.json (keep, added b1.8 or earlier, verified)"
item,minecraft:charcoal,minecraft,true,false,MANIFEST_DEFAULT,no manifest entry - defaulting to allowed
item,minecraft:dark_oak_button,minecraft,true,false,MANIFEST_DEFAULT,no manifest entry - defaulting to allowed
item,minecraft:netherite_axe,minecraft,true,false,MANIFEST_DEFAULT,no manifest entry - defaulting to allowed
item,minecraft:structure_block,minecraft,true,false,MANIFEST_DEFAULT,no manifest entry - defaulting to allowed
item,minecraft:polished_blackstone_brick_slab,minecraft,true,false,MANIFEST_DEFAULT,no manifest entry - defaulting to allowed
item,minecraft:cherry_sapling,minecraft,true,false,MANIFEST_DEFAULT,no manifest entry - defaulting to allowed
item,minecraft:basalt,minecraft,true,false,MANIFEST_DEFAULT,no manifest entry - defaulting to allowed
item,minecraft:chiseled_deepslate,minecraft,true,false,MANIFEST_DEFAULT,no manifest entry - defaulting to allowed
item,minecraft:gray_candle,minecraft,true,false,MANIFEST_DEFAULT,no manifest entry - defaulting to allowed
item,minecraft:brown_mushroom,minecraft,true,false,MANIFEST_DEFAULT,no manifest entry - defaulting to allowed
item,minecraft:gold_ingot,minecraft,true,false,MANIFEST_DEFAULT,no manifest entry - defaulting to allowed
item,minecraft:red_wool,minecraft,true,false,MANIFEST_DEFAULT,no manifest entry - defaulting to allowed
item,minecraft:stripped_dark_oak_wood,minecraft,true,false,MANIFEST_DEFAULT,no manifest entry - defaulting to allowed
item,minecraft:stonecutter,minecraft,true,true,MANIFEST_DEFAULT,"manifest.json (remove, UNVERIFIED)"
item,minecraft:soul_torch,minecraft,true,false,MANIFEST_DEFAULT,no manifest entry - defaulting to allowed
item,minecraft:nether_gold_ore,minecraft,true,false,MANIFEST_DEFAULT,no manifest entry - defaulting to allowed
item,minecraft:bone_block,minecraft,true,false,MANIFEST_DEFAULT,no manifest entry - defaulting to allowed
item,minecraft:raw_iron,minecraft,true,false,MANIFEST_DEFAULT,no manifest entry - defaulting to allowed
item,minecraft:eye_armor_trim_smithing_template,minecraft,true,false,MANIFEST_DEFAULT,no manifest entry - defaulting to allowed
item,minecraft:black_concrete,minecraft,true,false,MANIFEST_DEFAULT,no manifest entry - defaulting to allowed
item,minecraft:melon,minecraft,true,false,MANIFEST_DEFAULT,no manifest entry - defaulting to allowed
item,minecraft:iron_nugget,minecraft,true,false,MANIFEST_DEFAULT,no manifest entry - defaulting to allowed
item,minecraft:birch_fence,minecraft,true,false,MANIFEST_DEFAULT,no manifest entry - defaulting to allowed
item,minecraft:cracked_deepslate_tiles,minecraft,true,false,MANIFEST_DEFAULT,no manifest entry - defaulting to allowed
item,minecraft:red_nether_brick_slab,minecraft,true,false,MANIFEST_DEFAULT,no manifest entry - defaulting to allowed
item,minecraft:deepslate_gold_ore,minecraft,true,false,MANIFEST_DEFAULT,no manifest entry - defaulting to allowed
item,minecraft:tall_grass,minecraft,true,false,MANIFEST_DEFAULT,no manifest entry - defaulting to allowed
item,minecraft:warped_fence_gate,minecraft,true,false,MANIFEST_DEFAULT,no manifest entry - defaulting to allowed
item,minecraft:cooked_rabbit,minecraft,true,false,MANIFEST_DEFAULT,no manifest entry - defaulting to allowed
item,minecraft:ravager_spawn_egg,minecraft,true,false,MANIFEST_DEFAULT,no manifest entry - defaulting to allowed
item,minecraft:cornflower,minecraft,true,false,MANIFEST_DEFAULT,no manifest entry - defaulting to allowed
item,minecraft:red_mushroom,minecraft,true,false,MANIFEST_DEFAULT,no manifest entry - defaulting to allowed
item,minecraft:red_mushroom_block,minecraft,true,false,MANIFEST_DEFAULT,no manifest entry - defaulting to allowed
item,minecraft:nether_wart_block,minecraft,true,false,MANIFEST_DEFAULT,no manifest entry - defaulting to allowed
item,minecraft:bamboo_fence_gate,minecraft,true,false,MANIFEST_DEFAULT,no manifest entry - defaulting to allowed
item,minecraft:snort_pottery_sherd,minecraft,true,false,MANIFEST_DEFAULT,no manifest entry - defaulting to allowed
item,minecraft:green_concrete,minecraft,true,false,MANIFEST_DEFAULT,no manifest entry - defaulting to allowed
item,minecraft:magenta_banner,minecraft,true,false,MANIFEST_DEFAULT,no manifest entry - defaulting to allowed
item,minecraft:cobblestone_wall,minecraft,true,false,MANIFEST_DEFAULT,no manifest entry - defaulting to allowed
item,minecraft:magenta_wool,minecraft,true,false,MANIFEST_DEFAULT,no manifest entry - defaulting to allowed
item,minecraft:lime_stained_glass_pane,minecraft,true,false,MANIFEST_DEFAULT,no manifest entry - defaulting to allowed
item,minecraft:gray_dye,minecraft,true,false,MANIFEST_DEFAULT,no manifest entry - defaulting to allowed
item,minecraft:mangrove_fence_gate,minecraft,true,false,MANIFEST_DEFAULT,no manifest entry - defaulting to allowed
item,minecraft:mule_spawn_egg,minecraft,true,false,MANIFEST_DEFAULT,no manifest entry - defaulting to allowed
item,minecraft:warped_pressure_plate,minecraft,true,false,MANIFEST_DEFAULT,no manifest entry - defaulting to allowed
item,minecraft:waxed_cut_copper_slab,minecraft,true,false,MANIFEST_DEFAULT,no manifest entry - defaulting to allowed
item,minecraft:coal_block,minecraft,true,false,MANIFEST_DEFAULT,no manifest entry - defaulting to allowed
item,minecraft:raw_copper,minecraft,true,false,MANIFEST_DEFAULT,no manifest entry - defaulting to allowed
item,minecraft:rabbit,minecraft,true,false,MANIFEST_DEFAULT,no manifest entry - defaulting to allowed
item,minecraft:large_fern,minecraft,true,false,MANIFEST_DEFAULT,no manifest entry - defaulting to allowed
item,minecraft:black_wool,minecraft,true,false,MANIFEST_DEFAULT,no manifest entry - defaulting to allowed
item,minecraft:mangrove_button,minecraft,true,false,MANIFEST_DEFAULT,no manifest entry - defaulting to allowed
item,minecraft:slime_ball,minecraft,true,false,MANIFEST_DEFAULT,no manifest entry - defaulting to allowed
item,minecraft:horse_spawn_egg,minecraft,true,false,MANIFEST_DEFAULT,no manifest entry - defaulting to allowed
item,minecraft:spruce_fence_gate,minecraft,true,false,MANIFEST_DEFAULT,no manifest entry - defaulting to allowed
item,minecraft:leather_chestplate,minecraft,true,false,MANIFEST_DEFAULT,no manifest entry - defaulting to allowed
item,minecraft:spruce_sapling,minecraft,true,false,MANIFEST_DEFAULT,no manifest entry - defaulting to allowed
item,minecraft:yellow_bed,minecraft,true,false,MANIFEST_DEFAULT,no manifest entry - defaulting to allowed
item,minecraft:piglin_brute_spawn_egg,minecraft,true,false,MANIFEST_DEFAULT,no manifest entry - defaulting to allowed
item,minecraft:music_disc_stal,minecraft,true,false,MANIFEST_DEFAULT,no manifest entry - defaulting to allowed
item,minecraft:iron_block,minecraft,true,false,MANIFEST_DEFAULT,no manifest entry - defaulting to allowed
item,minecraft:brewer_pottery_sherd,minecraft,true,false,MANIFEST_DEFAULT,no manifest entry - defaulting to allowed
item,minecraft:beehive,minecraft,true,false,MANIFEST_DEFAULT,no manifest entry - defaulting to allowed
item,minecraft:spruce_sign,minecraft,true,false,MANIFEST_DEFAULT,no manifest entry - defaulting to allowed
item,minecraft:dead_tube_coral_fan,minecraft,true,false,MANIFEST_DEFAULT,no manifest entry - defaulting to allowed
item,minecraft:dark_oak_door,minecraft,true,false,MANIFEST_DEFAULT,no manifest entry - defaulting to allowed
item,minecraft:cooked_porkchop,minecraft,true,false,MANIFEST_DEFAULT,no manifest entry - defaulting to allowed
item,minecraft:honeycomb,minecraft,true,false,MANIFEST_DEFAULT,no manifest entry - defaulting to allowed
item,minecraft:blackstone,minecraft,true,false,MANIFEST_DEFAULT,no manifest entry - defaulting to allowed
item,minecraft:lapis_ore,minecraft,true,false,MANIFEST_DEFAULT,no manifest entry - defaulting to allowed
item,minecraft:gravel,minecraft,true,false,MANIFEST_DEFAULT,no manifest entry - defaulting to allowed
item,minecraft:big_dripleaf,minecraft,true,false,MANIFEST_DEFAULT,no manifest entry - defaulting to allowed
item,minecraft:music_disc_far,minecraft,true,false,MANIFEST_DEFAULT,no manifest entry - defaulting to allowed
item,minecraft:writable_book,minecraft,true,false,MANIFEST_DEFAULT,no manifest entry - defaulting to allowed
item,minecraft:birch_wood,minecraft,true,false,MANIFEST_DEFAULT,no manifest entry - defaulting to allowed
item,minecraft:leather_helmet,minecraft,true,false,MANIFEST_DEFAULT,no manifest entry - defaulting to allowed
item,minecraft:tropical_fish_spawn_egg,minecraft,true,false,MANIFEST_DEFAULT,no manifest entry - defaulting to allowed
item,minecraft:glow_item_frame,minecraft,true,false,MANIFEST_DEFAULT,no manifest entry - defaulting to allowed
item,minecraft:birch_sapling,minecraft,true,false,MANIFEST_DEFAULT,no manifest entry - defaulting to allowed
item,minecraft:light_blue_bed,minecraft,true,false,MANIFEST_DEFAULT,no manifest entry - defaulting to allowed
item,minecraft:bamboo_mosaic,minecraft,true,false,MANIFEST_DEFAULT,no manifest entry - defaulting to allowed
item,minecraft:oak_wood,minecraft,true,false,MANIFEST_DEFAULT,no manifest entry - defaulting to allowed
item,minecraft:scaffolding,minecraft,true,false,MANIFEST_DEFAULT,no manifest entry - defaulting to allowed
item,minecraft:crimson_fungus,minecraft,true,false,MANIFEST_DEFAULT,no manifest entry - defaulting to allowed
item,minecraft:emerald_block,minecraft,true,false,MANIFEST_DEFAULT,no manifest entry - defaulting to allowed
item,minecraft:golden_apple,minecraft,true,false,MANIFEST_DEFAULT,no manifest entry - defaulting to allowed
item,minecraft:chiseled_nether_bricks,minecraft,true,false,MANIFEST_DEFAULT,no manifest entry - defaulting to allowed
item,minecraft:diamond_pickaxe,minecraft,true,false,MANIFEST_DEFAULT,no manifest entry - defaulting to allowed
item,minecraft:flower_pot,minecraft,true,false,MANIFEST_DEFAULT,no manifest entry - defaulting to allowed
item,minecraft:acacia_button,minecraft,true,false,MANIFEST_DEFAULT,no manifest entry - defaulting to allowed
item,minecraft:magenta_stained_glass_pane,minecraft,true,false,MANIFEST_DEFAULT,no manifest entry - defaulting to allowed
item,minecraft:copper_block,minecraft,true,false,MANIFEST_DEFAULT,no manifest entry - defaulting to allowed
item,minecraft:amethyst_cluster,minecraft,true,false,MANIFEST_DEFAULT,no manifest entry - defaulting to allowed
item,minecraft:nether_brick_stairs,minecraft,true,false,MANIFEST_DEFAULT,no manifest entry - defaulting to allowed
item,minecraft:sheep_spawn_egg,minecraft,true,false,MANIFEST_DEFAULT,no manifest entry - defaulting to allowed
item,minecraft:purple_candle,minecraft,true,false,MANIFEST_DEFAULT,no manifest entry - defaulting to allowed
item,minecraft:brain_coral_fan,minecraft,true,false,MANIFEST_DEFAULT,no manifest entry - defaulting to allowed
item,minecraft:lilac,minecraft,true,false,MANIFEST_DEFAULT,no manifest entry - defaulting to allowed
item,minecraft:purple_wool,minecraft,true,false,MANIFEST_DEFAULT,no manifest entry - defaulting to allowed
item,minecraft:recovery_compass,minecraft,true,true,MANIFEST_DEFAULT,"manifest.json (remove, UNVERIFIED)"
item,minecraft:shulker_spawn_egg,minecraft,true,false,MANIFEST_DEFAULT,no manifest entry - defaulting to allowed
item,minecraft:nether_sprouts,minecraft,true,false,MANIFEST_DEFAULT,no manifest entry - defaulting to allowed
item,minecraft:magenta_bed,minecraft,true,false,MANIFEST_DEFAULT,no manifest entry - defaulting to allowed
item,minecraft:spruce_wood,minecraft,true,false,MANIFEST_DEFAULT,no manifest entry - defaulting to allowed
item,minecraft:iron_sword,minecraft,true,false,MANIFEST_DEFAULT,no manifest entry - defaulting to allowed
item,minecraft:ender_dragon_spawn_egg,minecraft,true,false,MANIFEST_DEFAULT,no manifest entry - defaulting to allowed
item,minecraft:spruce_fence,minecraft,true,false,MANIFEST_DEFAULT,no manifest entry - defaulting to allowed
item,minecraft:green_stained_glass,minecraft,true,false,MANIFEST_DEFAULT,no manifest entry - defaulting to allowed
item,minecraft:cherry_fence,minecraft,true,false,MANIFEST_DEFAULT,no manifest entry - defaulting to allowed
item,minecraft:diamond_ore,minecraft,true,false,MANIFEST_DEFAULT,no manifest entry - defaulting to allowed
item,minecraft:mossy_stone_brick_slab,minecraft,true,false,MANIFEST_DEFAULT,no manifest entry - defaulting to allowed
item,minecraft:hoglin_spawn_egg,minecraft,true,false,MANIFEST_DEFAULT,no manifest entry - defaulting to allowed
item,minecraft:andesite_slab,minecraft,true,false,MANIFEST_DEFAULT,no manifest entry - defaulting to allowed
item,minecraft:bamboo_chest_raft,minecraft,true,false,MANIFEST_DEFAULT,no manifest entry - defaulting to allowed
item,minecraft:dark_prismarine_slab,minecraft,true,false,MANIFEST_DEFAULT,no manifest entry - defaulting to allowed
item,minecraft:tropical_fish,minecraft,true,false,MANIFEST_DEFAULT,no manifest entry - defaulting to allowed
item,minecraft:dragon_head,minecraft,true,false,MANIFEST_DEFAULT,no manifest entry - defaulting to allowed
item,minecraft:honey_block,minecraft,true,false,MANIFEST_DEFAULT,no manifest entry - defaulting to allowed
item,minecraft:bamboo_planks,minecraft,true,false,MANIFEST_DEFAULT,no manifest entry - defaulting to allowed
item,minecraft:sugar_cane,minecraft,true,false,MANIFEST_DEFAULT,no manifest entry - defaulting to allowed
item,minecraft:green_dye,minecraft,true,false,MANIFEST_DEFAULT,no manifest entry - defaulting to allowed
item,minecraft:flowering_azalea_leaves,minecraft,true,false,MANIFEST_DEFAULT,no manifest entry - defaulting to allowed
item,minecraft:pink_glazed_terracotta,minecraft,true,false,MANIFEST_DEFAULT,no manifest entry - defaulting to allowed
item,minecraft:pink_terracotta,minecraft,true,false,MANIFEST_DEFAULT,no manifest entry - defaulting to allowed
item,minecraft:black_shulker_box,minecraft,true,false,MANIFEST_DEFAULT,no manifest entry - defaulting to allowed
item,minecraft:ocelot_spawn_egg,minecraft,true,false,MANIFEST_DEFAULT,no manifest entry - defaulting to allowed
item,minecraft:waxed_exposed_cut_copper_stairs,minecraft,true,false,MANIFEST_DEFAULT,no manifest entry - defaulting to allowed
item,minecraft:orange_stained_glass,minecraft,true,false,MANIFEST_DEFAULT,no manifest entry - defaulting to allowed
item,minecraft:exposed_cut_copper_slab,minecraft,true,false,MANIFEST_DEFAULT,no manifest entry - defaulting to allowed
item,minecraft:magenta_concrete,minecraft,true,false,MANIFEST_DEFAULT,no manifest entry - defaulting to allowed
item,minecraft:music_disc_relic,minecraft,true,false,MANIFEST_DEFAULT,no manifest entry - defaulting to allowed
item,minecraft:polished_blackstone_wall,minecraft,true,false,MANIFEST_DEFAULT,no manifest entry - defaulting to allowed
item,minecraft:cobblestone_stairs,minecraft,true,false,MANIFEST_DEFAULT,no manifest entry - defaulting to allowed
item,minecraft:cut_sandstone_slab,minecraft,true,false,MANIFEST_DEFAULT,no manifest entry - defaulting to allowed
item,minecraft:smooth_red_sandstone_slab,minecraft,true,false,MANIFEST_DEFAULT,no manifest entry - defaulting to allowed
item,minecraft:suspicious_stew,minecraft,true,false,MANIFEST_DEFAULT,no manifest entry - defaulting to allowed
item,minecraft:bamboo_pressure_plate,minecraft,true,false,MANIFEST_DEFAULT,no manifest entry - defaulting to allowed
item,minecraft:cherry_door,minecraft,true,false,MANIFEST_DEFAULT,no manifest entry - defaulting to allowed
item,minecraft:small_dripleaf,minecraft,true,false,MANIFEST_DEFAULT,no manifest entry - defaulting to allowed
item,minecraft:weathered_cut_copper_slab,minecraft,true,false,MANIFEST_DEFAULT,no manifest entry - defaulting to allowed
item,minecraft:birch_trapdoor,minecraft,true,false,MANIFEST_DEFAULT,no manifest entry - defaulting to allowed
item,minecraft:golden_boots,minecraft,true,false,MANIFEST_DEFAULT,no manifest entry - defaulting to allowed
item,minecraft:acacia_door,minecraft,true,false,MANIFEST_DEFAULT,no manifest entry - defaulting to allowed
item,minecraft:mangrove_wood,minecraft,true,false,MANIFEST_DEFAULT,no manifest entry - defaulting to allowed
item,minecraft:redstone_ore,minecraft,true,false,MANIFEST_DEFAULT,no manifest entry - defaulting to allowed
item,minecraft:zombie_spawn_egg,minecraft,true,false,MANIFEST_DEFAULT,no manifest entry - defaulting to allowed
item,minecraft:polished_basalt,minecraft,true,false,MANIFEST_DEFAULT,no manifest entry - defaulting to allowed
item,minecraft:prismarine_stairs,minecraft,true,false,MANIFEST_DEFAULT,no manifest entry - defaulting to allowed
item,minecraft:stripped_bamboo_block,minecraft,true,false,MANIFEST_DEFAULT,no manifest entry - defaulting to allowed
item,minecraft:cyan_concrete_powder,minecraft,true,false,MANIFEST_DEFAULT,no manifest entry - defaulting to allowed
item,minecraft:conduit,minecraft,true,false,MANIFEST_DEFAULT,no manifest entry - defaulting to allowed
item,minecraft:mojang_banner_pattern,minecraft,true,false,MANIFEST_DEFAULT,no manifest entry - defaulting to allowed
item,minecraft:sand,minecraft,true,false,MANIFEST_DEFAULT,no manifest entry - defaulting to allowed
item,minecraft:polished_granite_slab,minecraft,true,false,MANIFEST_DEFAULT,no manifest entry - defaulting to allowed
item,minecraft:acacia_log,minecraft,true,false,MANIFEST_DEFAULT,no manifest entry - defaulting to allowed
item,minecraft:light_blue_concrete,minecraft,true,false,MANIFEST_DEFAULT,no manifest entry - defaulting to allowed
item,minecraft:sticky_piston,minecraft,true,false,MANIFEST_DEFAULT,no manifest entry - defaulting to allowed
item,minecraft:golden_hoe,minecraft,true,false,MANIFEST_DEFAULT,no manifest entry - defaulting to allowed
item,minecraft:fire_charge,minecraft,true,false,MANIFEST_DEFAULT,no manifest entry - defaulting to allowed
item,minecraft:gray_concrete,minecraft,true,false,MANIFEST_DEFAULT,no manifest entry - defaulting to allowed
item,minecraft:white_dye,minecraft,true,false,MANIFEST_DEFAULT,no manifest entry - defaulting to allowed
item,minecraft:sentry_armor_trim_smithing_template,minecraft,true,false,MANIFEST_DEFAULT,no manifest entry - defaulting to allowed
item,minecraft:redstone,minecraft,true,false,MANIFEST_DEFAULT,no manifest entry - defaulting to allowed
item,minecraft:blue_glazed_terracotta,minecraft,true,false,MANIFEST_DEFAULT,no manifest entry - defaulting to allowed
item,minecraft:emerald,minecraft,true,false,MANIFEST_DEFAULT,no manifest entry - defaulting to allowed
item,minecraft:jigsaw,minecraft,true,false,MANIFEST_DEFAULT,no manifest entry - defaulting to allowed
item,minecraft:stripped_spruce_log,minecraft,true,false,MANIFEST_DEFAULT,no manifest entry - defaulting to allowed
item,minecraft:polished_andesite_slab,minecraft,true,false,MANIFEST_DEFAULT,no manifest entry - defaulting to allowed
item,minecraft:arms_up_pottery_sherd,minecraft,true,false,MANIFEST_DEFAULT,no manifest entry - defaulting to allowed
item,minecraft:wooden_pickaxe,minecraft,true,false,MANIFEST_DEFAULT,no manifest entry - defaulting to allowed
item,minecraft:cherry_planks,minecraft,true,false,MANIFEST_DEFAULT,no manifest entry - defaulting to allowed
item,minecraft:powered_rail,minecraft,true,false,MANIFEST_DEFAULT,no manifest entry - defaulting to allowed
item,minecraft:warped_hanging_sign,minecraft,true,false,MANIFEST_DEFAULT,no manifest entry - defaulting to allowed
item,minecraft:goat_horn,minecraft,true,false,MANIFEST_DEFAULT,no manifest entry - defaulting to allowed
item,minecraft:green_concrete_powder,minecraft,true,false,MANIFEST_DEFAULT,no manifest entry - defaulting to allowed
item,minecraft:firework_star,minecraft,true,false,MANIFEST_DEFAULT,no manifest entry - defaulting to allowed
item,minecraft:oak_stairs,minecraft,true,false,MANIFEST_DEFAULT,no manifest entry - defaulting to allowed
item,minecraft:silence_armor_trim_smithing_template,minecraft,true,false,MANIFEST_DEFAULT,no manifest entry - defaulting to allowed
item,minecraft:cracked_deepslate_bricks,minecraft,true,false,MANIFEST_DEFAULT,no manifest entry - defaulting to allowed
item,minecraft:nether_star,minecraft,true,false,MANIFEST_DEFAULT,no manifest entry - defaulting to allowed
item,minecraft:stone_button,minecraft,true,false,MANIFEST_DEFAULT,no manifest entry - defaulting to allowed
item,minecraft:chicken_spawn_egg,minecraft,true,false,MANIFEST_DEFAULT,no manifest entry - defaulting to allowed
item,minecraft:mourner_pottery_sherd,minecraft,true,false,MANIFEST_DEFAULT,no manifest entry - defaulting to allowed
item,minecraft:horn_coral_fan,minecraft,true,false,MANIFEST_DEFAULT,no manifest entry - defaulting to allowed
item,minecraft:polished_blackstone_brick_stairs,minecraft,true,false,MANIFEST_DEFAULT,no manifest entry - defaulting to allowed
item,minecraft:brown_stained_glass,minecraft,true,false,MANIFEST_DEFAULT,no manifest entry - defaulting to allowed
item,minecraft:pink_shulker_box,minecraft,true,false,MANIFEST_DEFAULT,no manifest entry - defaulting to allowed
item,minecraft:warped_roots,minecraft,true,false,MANIFEST_DEFAULT,no manifest entry - defaulting to allowed
item,minecraft:tinted_glass,minecraft,true,false,MANIFEST_DEFAULT,no manifest entry - defaulting to allowed
item,minecraft:blue_terracotta,minecraft,true,false,MANIFEST_DEFAULT,no manifest entry - defaulting to allowed
item,minecraft:yellow_candle,minecraft,true,false,MANIFEST_DEFAULT,no manifest entry - defaulting to allowed
item,minecraft:stripped_oak_wood,minecraft,true,false,MANIFEST_DEFAULT,no manifest entry - defaulting to allowed
item,minecraft:sandstone,minecraft,true,false,MANIFEST_DEFAULT,no manifest entry - defaulting to allowed
item,minecraft:yellow_concrete_powder,minecraft,true,false,MANIFEST_DEFAULT,no manifest entry - defaulting to allowed
item,minecraft:gray_terracotta,minecraft,true,false,MANIFEST_DEFAULT,no manifest entry - defaulting to allowed
item,minecraft:jungle_fence_gate,minecraft,true,false,MANIFEST_DEFAULT,no manifest entry - defaulting to allowed
item,minecraft:dead_brain_coral_block,minecraft,true,false,MANIFEST_DEFAULT,no manifest entry - defaulting to allowed
item,minecraft:comparator,minecraft,true,true,MANIFEST_DEFAULT,"manifest.json (remove, UNVERIFIED)"
item,minecraft:lodestone,minecraft,true,false,MANIFEST_DEFAULT,no manifest entry - defaulting to allowed
item,minecraft:deepslate_copper_ore,minecraft,true,false,MANIFEST_DEFAULT,no manifest entry - defaulting to allowed
item,minecraft:repeater,minecraft,true,false,MANIFEST_DEFAULT,no manifest entry - defaulting to allowed
item,minecraft:red_concrete_powder,minecraft,true,false,MANIFEST_DEFAULT,no manifest entry - defaulting to allowed
item,minecraft:dead_fire_coral,minecraft,true,false,MANIFEST_DEFAULT,no manifest entry - defaulting to allowed
item,minecraft:gray_shulker_box,minecraft,true,false,MANIFEST_DEFAULT,no manifest entry - defaulting to allowed
item,minecraft:purpur_block,minecraft,true,false,MANIFEST_DEFAULT,no manifest entry - defaulting to allowed
item,minecraft:netherite_hoe,minecraft,true,false,MANIFEST_DEFAULT,no manifest entry - defaulting to allowed
item,minecraft:cod,minecraft,true,false,MANIFEST_DEFAULT,no manifest entry - defaulting to allowed
item,minecraft:glass,minecraft,true,false,MANIFEST_DEFAULT,no manifest entry - defaulting to allowed
item,minecraft:iron_golem_spawn_egg,minecraft,true,false,MANIFEST_DEFAULT,no manifest entry - defaulting to allowed
item,minecraft:polished_blackstone_slab,minecraft,true,false,MANIFEST_DEFAULT,no manifest entry - defaulting to allowed
item,minecraft:light_gray_shulker_box,minecraft,true,false,MANIFEST_DEFAULT,no manifest entry - defaulting to allowed
item,minecraft:structure_void,minecraft,true,false,MANIFEST_DEFAULT,no manifest entry - defaulting to allowed
item,minecraft:stone_stairs,minecraft,true,false,MANIFEST_DEFAULT,no manifest entry - defaulting to allowed
item,minecraft:fishing_rod,minecraft,true,false,MANIFEST_DEFAULT,no manifest entry - defaulting to allowed
item,minecraft:end_stone_brick_stairs,minecraft,true,false,MANIFEST_DEFAULT,no manifest entry - defaulting to allowed
item,minecraft:iron_leggings,minecraft,true,false,MANIFEST_DEFAULT,no manifest entry - defaulting to allowed
item,minecraft:dried_kelp_block,minecraft,true,false,MANIFEST_DEFAULT,no manifest entry - defaulting to allowed
item,minecraft:donkey_spawn_egg,minecraft,true,false,MANIFEST_DEFAULT,no manifest entry - defaulting to allowed
item,minecraft:budding_amethyst,minecraft,true,false,MANIFEST_DEFAULT,no manifest entry - defaulting to allowed
item,minecraft:terracotta,minecraft,true,false,MANIFEST_DEFAULT,no manifest entry - defaulting to allowed
item,minecraft:stripped_crimson_hyphae,minecraft,true,false,MANIFEST_DEFAULT,no manifest entry - defaulting to allowed
item,minecraft:quartz,minecraft,true,false,MANIFEST_DEFAULT,no manifest entry - defaulting to allowed
item,minecraft:cyan_carpet,minecraft,true,false,MANIFEST_DEFAULT,no manifest entry - defaulting to allowed
item,minecraft:nether_brick_wall,minecraft,true,false,MANIFEST_DEFAULT,no manifest entry - defaulting to allowed
item,minecraft:warped_nylium,minecraft,true,false,MANIFEST_DEFAULT,no manifest entry - defaulting to allowed
item,minecraft:enderman_spawn_egg,minecraft,true,false,MANIFEST_DEFAULT,no manifest entry - defaulting to allowed
item,minecraft:infested_chiseled_stone_bricks,minecraft,true,false,MANIFEST_DEFAULT,no manifest entry - defaulting to allowed
item,minecraft:gray_concrete_powder,minecraft,true,false,MANIFEST_DEFAULT,no manifest entry - defaulting to allowed
item,minecraft:torchflower,minecraft,true,false,MANIFEST_DEFAULT,no manifest entry - defaulting to allowed
item,minecraft:light_blue_concrete_powder,minecraft,true,false,MANIFEST_DEFAULT,no manifest entry - defaulting to allowed
item,minecraft:chicken,minecraft,true,false,MANIFEST_DEFAULT,no manifest entry - defaulting to allowed
item,minecraft:wayfinder_armor_trim_smithing_template,minecraft,true,false,MANIFEST_DEFAULT,no manifest entry - defaulting to allowed
item,minecraft:sculk_sensor,minecraft,true,false,MANIFEST_DEFAULT,no manifest entry - defaulting to allowed
item,minecraft:chain_command_block,minecraft,true,false,MANIFEST_DEFAULT,no manifest entry - defaulting to allowed
item,minecraft:oak_log,minecraft,true,false,MANIFEST_DEFAULT,no manifest entry - defaulting to allowed
item,minecraft:weeping_vines,minecraft,true,false,MANIFEST_DEFAULT,no manifest entry - defaulting to allowed
item,minecraft:granite_stairs,minecraft,true,false,MANIFEST_DEFAULT,no manifest entry - defaulting to allowed
item,minecraft:plenty_pottery_sherd,minecraft,true,false,MANIFEST_DEFAULT,no manifest entry - defaulting to allowed
item,minecraft:cyan_terracotta,minecraft,true,false,MANIFEST_DEFAULT,no manifest entry - defaulting to allowed
item,minecraft:air,minecraft,true,false,MANIFEST_DEFAULT,no manifest entry - defaulting to allowed
item,minecraft:cut_red_sandstone,minecraft,true,false,MANIFEST_DEFAULT,no manifest entry - defaulting to allowed
item,minecraft:elytra,minecraft,true,true,MANIFEST_DEFAULT,"manifest.json (remove, UNVERIFIED)"
item,minecraft:mushroom_stew,minecraft,true,false,MANIFEST_DEFAULT,no manifest entry - defaulting to allowed
item,minecraft:mangrove_fence,minecraft,true,false,MANIFEST_DEFAULT,no manifest entry - defaulting to allowed
item,minecraft:warped_planks,minecraft,true,false,MANIFEST_DEFAULT,no manifest entry - defaulting to allowed
item,minecraft:dead_horn_coral_block,minecraft,true,false,MANIFEST_DEFAULT,no manifest entry - defaulting to allowed
item,minecraft:lime_candle,minecraft,true,false,MANIFEST_DEFAULT,no manifest entry - defaulting to allowed
item,minecraft:mushroom_stem,minecraft,true,false,MANIFEST_DEFAULT,no manifest entry - defaulting to allowed
item,minecraft:beacon,minecraft,true,false,MANIFEST_DEFAULT,no manifest entry - defaulting to allowed
item,minecraft:tnt,minecraft,true,false,MANIFEST_DEFAULT,no manifest entry - defaulting to allowed
item,minecraft:light_gray_bed,minecraft,true,false,MANIFEST_DEFAULT,no manifest entry - defaulting to allowed
item,minecraft:flint_and_steel,minecraft,true,false,MANIFEST_DEFAULT,no manifest entry - defaulting to allowed
item,minecraft:glow_squid_spawn_egg,minecraft,true,false,MANIFEST_DEFAULT,no manifest entry - defaulting to allowed
item,minecraft:red_candle,minecraft,true,false,MANIFEST_DEFAULT,no manifest entry - defaulting to allowed
item,minecraft:iron_ingot,minecraft,true,false,MANIFEST_DEFAULT,no manifest entry - defaulting to allowed
item,minecraft:milk_bucket,minecraft,true,false,MANIFEST_DEFAULT,no manifest entry - defaulting to allowed
item,minecraft:deepslate_lapis_ore,minecraft,true,false,MANIFEST_DEFAULT,no manifest entry - defaulting to allowed
item,minecraft:brown_carpet,minecraft,true,false,MANIFEST_DEFAULT,no manifest entry - defaulting to allowed
item,minecraft:cobweb,minecraft,true,false,MANIFEST_DEFAULT,no manifest entry - defaulting to allowed
item,minecraft:jungle_door,minecraft,true,false,MANIFEST_DEFAULT,no manifest entry - defaulting to allowed
item,minecraft:black_dye,minecraft,true,false,MANIFEST_DEFAULT,no manifest entry - defaulting to allowed
item,minecraft:prismarine_brick_slab,minecraft,true,false,MANIFEST_DEFAULT,no manifest entry - defaulting to allowed
item,minecraft:black_stained_glass_pane,minecraft,true,false,MANIFEST_DEFAULT,no manifest entry - defaulting to allowed
item,minecraft:prismarine_bricks,minecraft,true,false,MANIFEST_DEFAULT,no manifest entry - defaulting to allowed
item,minecraft:cyan_shulker_box,minecraft,true,false,MANIFEST_DEFAULT,no manifest entry - defaulting to allowed
item,minecraft:nether_bricks,minecraft,true,false,MANIFEST_DEFAULT,no manifest entry - defaulting to allowed
item,minecraft:blue_carpet,minecraft,true,false,MANIFEST_DEFAULT,no manifest entry - defaulting to allowed
item,minecraft:bamboo_door,minecraft,true,false,MANIFEST_DEFAULT,no manifest entry - defaulting to allowed
item,minecraft:iron_chestplate,minecraft,true,false,MANIFEST_DEFAULT,no manifest entry - defaulting to allowed
item,minecraft:crimson_fence,minecraft,true,false,MANIFEST_DEFAULT,no manifest entry - defaulting to allowed
item,minecraft:stone_bricks,minecraft,true,false,MANIFEST_DEFAULT,no manifest entry - defaulting to allowed
item,minecraft:oxidized_cut_copper_slab,minecraft,true,false,MANIFEST_DEFAULT,no manifest entry - defaulting to allowed
item,minecraft:birch_stairs,minecraft,true,false,MANIFEST_DEFAULT,no manifest entry - defaulting to allowed
item,minecraft:infested_stone_bricks,minecraft,true,false,MANIFEST_DEFAULT,no manifest entry - defaulting to allowed
item,minecraft:music_disc_mall,minecraft,true,false,MANIFEST_DEFAULT,no manifest entry - defaulting to allowed
item,minecraft:frogspawn,minecraft,true,false,MANIFEST_DEFAULT,no manifest entry - defaulting to allowed
item,minecraft:vex_armor_trim_smithing_template,minecraft,true,false,MANIFEST_DEFAULT,no manifest entry - defaulting to allowed
item,minecraft:light_gray_stained_glass,minecraft,true,false,MANIFEST_DEFAULT,no manifest entry - defaulting to allowed
item,minecraft:amethyst_shard,minecraft,true,true,MANIFEST_DEFAULT,"manifest.json (remove, UNVERIFIED)"
item,minecraft:spruce_chest_boat,minecraft,true,false,MANIFEST_DEFAULT,no manifest entry - defaulting to allowed
item,minecraft:spruce_leaves,minecraft,true,false,MANIFEST_DEFAULT,no manifest entry - defaulting to allowed
item,minecraft:llama_spawn_egg,minecraft,true,false,MANIFEST_DEFAULT,no manifest entry - defaulting to allowed
item,minecraft:white_stained_glass_pane,minecraft,true,false,MANIFEST_DEFAULT,no manifest entry - defaulting to allowed
item,minecraft:golden_axe,minecraft,true,false,MANIFEST_DEFAULT,no manifest entry - defaulting to allowed
item,minecraft:infested_cracked_stone_bricks,minecraft,true,false,MANIFEST_DEFAULT,no manifest entry - defaulting to allowed
item,minecraft:crimson_stairs,minecraft,true,false,MANIFEST_DEFAULT,no manifest entry - defaulting to allowed
item,minecraft:light_blue_stained_glass_pane,minecraft,true,false,MANIFEST_DEFAULT,no manifest entry - defaulting to allowed
item,minecraft:tropical_fish_bucket,minecraft,true,false,MANIFEST_DEFAULT,no manifest entry - defaulting to allowed
item,minecraft:brown_concrete_powder,minecraft,true,false,MANIFEST_DEFAULT,no manifest entry - defaulting to allowed
item,minecraft:gunpowder,minecraft,true,false,MANIFEST_DEFAULT,no manifest entry - defaulting to allowed
item,minecraft:cyan_stained_glass,minecraft,true,false,MANIFEST_DEFAULT,no manifest entry - defaulting to allowed
item,minecraft:cyan_glazed_terracotta,minecraft,true,false,MANIFEST_DEFAULT,no manifest entry - defaulting to allowed
item,minecraft:oak_pressure_plate,minecraft,true,false,MANIFEST_DEFAULT,no manifest entry - defaulting to allowed
item,minecraft:stone_brick_stairs,minecraft,true,false,MANIFEST_DEFAULT,no manifest entry - defaulting to allowed
item,minecraft:stone_sword,minecraft,true,false,MANIFEST_DEFAULT,no manifest entry - defaulting to allowed
item,minecraft:pearlescent_froglight,minecraft,true,false,MANIFEST_DEFAULT,no manifest entry - defaulting to allowed
item,minecraft:potato,minecraft,true,false,MANIFEST_DEFAULT,no manifest entry - defaulting to allowed
item,minecraft:diorite,minecraft,true,false,MANIFEST_DEFAULT,no manifest entry - defaulting to allowed
item,minecraft:crimson_hyphae,minecraft,true,false,MANIFEST_DEFAULT,no manifest entry - defaulting to allowed
item,minecraft:acacia_fence,minecraft,true,false,MANIFEST_DEFAULT,no manifest entry - defaulting to allowed
item,minecraft:chainmail_boots,minecraft,true,false,MANIFEST_DEFAULT,no manifest entry - defaulting to allowed
item,minecraft:bedrock,minecraft,true,false,MANIFEST_DEFAULT,no manifest entry - defaulting to allowed
item,minecraft:poisonous_potato,minecraft,true,false,MANIFEST_DEFAULT,no manifest entry - defaulting to allowed
item,minecraft:oak_slab,minecraft,true,false,MANIFEST_DEFAULT,no manifest entry - defaulting to allowed
item,minecraft:cyan_banner,minecraft,true,false,MANIFEST_DEFAULT,no manifest entry - defaulting to allowed
item,minecraft:dripstone_block,minecraft,true,false,MANIFEST_DEFAULT,no manifest entry - defaulting to allowed
item,minecraft:glistering_melon_slice,minecraft,true,false,MANIFEST_DEFAULT,no manifest entry - defaulting to allowed
item,minecraft:mangrove_chest_boat,minecraft,true,false,MANIFEST_DEFAULT,no manifest entry - defaulting to allowed
item,minecraft:crimson_button,minecraft,true,false,MANIFEST_DEFAULT,no manifest entry - defaulting to allowed
item,minecraft:warped_door,minecraft,true,false,MANIFEST_DEFAULT,no manifest entry - defaulting to allowed
item,minecraft:iron_hoe,minecraft,true,false,MANIFEST_DEFAULT,no manifest entry - defaulting to allowed
item,minecraft:jungle_hanging_sign,minecraft,true,false,MANIFEST_DEFAULT,no manifest entry - defaulting to allowed
item,minecraft:creeper_spawn_egg,minecraft,true,false,MANIFEST_DEFAULT,no manifest entry - defaulting to allowed
item,minecraft:jungle_planks,minecraft,true,false,MANIFEST_DEFAULT,no manifest entry - defaulting to allowed
item,minecraft:snow,minecraft,true,false,MANIFEST_DEFAULT,no manifest entry - defaulting to allowed
item,minecraft:player_head,minecraft,true,false,MANIFEST_DEFAULT,no manifest entry - defaulting to allowed
item,minecraft:acacia_fence_gate,minecraft,true,false,MANIFEST_DEFAULT,no manifest entry - defaulting to allowed
item,minecraft:clay_ball,minecraft,true,false,MANIFEST_DEFAULT,no manifest entry - defaulting to allowed
item,minecraft:clock,minecraft,true,false,MANIFEST_DEFAULT,no manifest entry - defaulting to allowed
item,minecraft:mangrove_sign,minecraft,true,false,MANIFEST_DEFAULT,no manifest entry - defaulting to allowed
item,minecraft:magenta_carpet,minecraft,true,false,MANIFEST_DEFAULT,no manifest entry - defaulting to allowed
item,minecraft:yellow_wool,minecraft,true,false,MANIFEST_DEFAULT,no manifest entry - defaulting to allowed
item,minecraft:lime_shulker_box,minecraft,true,false,MANIFEST_DEFAULT,no manifest entry - defaulting to allowed
item,minecraft:jungle_trapdoor,minecraft,true,false,MANIFEST_DEFAULT,no manifest entry - defaulting to allowed
item,minecraft:grindstone,minecraft,true,false,MANIFEST_DEFAULT,no manifest entry - defaulting to allowed
item,minecraft:seagrass,minecraft,true,false,MANIFEST_DEFAULT,no manifest entry - defaulting to allowed
item,minecraft:splash_potion,minecraft,true,false,MANIFEST_DEFAULT,no manifest entry - defaulting to allowed
item,minecraft:blue_ice,minecraft,true,false,MANIFEST_DEFAULT,no manifest entry - defaulting to allowed
item,minecraft:red_nether_bricks,minecraft,true,false,MANIFEST_DEFAULT,no manifest entry - defaulting to allowed
item,minecraft:glass_pane,minecraft,true,false,MANIFEST_DEFAULT,no manifest entry - defaulting to allowed
item,minecraft:diamond_leggings,minecraft,true,false,MANIFEST_DEFAULT,no manifest entry - defaulting to allowed
item,minecraft:crying_obsidian,minecraft,true,false,MANIFEST_DEFAULT,no manifest entry - defaulting to allowed
item,minecraft:sculk_shrieker,minecraft,true,false,MANIFEST_DEFAULT,no manifest entry - defaulting to allowed
item,minecraft:warped_slab,minecraft,true,false,MANIFEST_DEFAULT,no manifest entry - defaulting to allowed
item,minecraft:mangrove_stairs,minecraft,true,false,MANIFEST_DEFAULT,no manifest entry - defaulting to allowed
item,minecraft:lectern,minecraft,true,true,MANIFEST_DEFAULT,"manifest.json (remove, UNVERIFIED)"
item,minecraft:prismarine,minecraft,true,false,MANIFEST_DEFAULT,no manifest entry - defaulting to allowed
item,minecraft:golden_sword,minecraft,true,false,MANIFEST_DEFAULT,no manifest entry - defaulting to allowed
item,minecraft:crimson_stem,minecraft,true,false,MANIFEST_DEFAULT,no manifest entry - defaulting to allowed
item,minecraft:purple_stained_glass,minecraft,true,false,MANIFEST_DEFAULT,no manifest entry - defaulting to allowed
item,minecraft:chiseled_sandstone,minecraft,true,false,MANIFEST_DEFAULT,no manifest entry - defaulting to allowed
item,minecraft:lingering_potion,minecraft,true,false,MANIFEST_DEFAULT,no manifest entry - defaulting to allowed
item,minecraft:clay,minecraft,true,false,MANIFEST_DEFAULT,no manifest entry - defaulting to allowed
item,minecraft:golden_pickaxe,minecraft,true,false,MANIFEST_DEFAULT,no manifest entry - defaulting to allowed
item,minecraft:cut_copper_stairs,minecraft,true,false,MANIFEST_DEFAULT,no manifest entry - defaulting to allowed
item,minecraft:bamboo_raft,minecraft,true,false,MANIFEST_DEFAULT,no manifest entry - defaulting to allowed
item,minecraft:chiseled_bookshelf,minecraft,true,false,MANIFEST_DEFAULT,no manifest entry - defaulting to allowed
item,minecraft:porkchop,minecraft,true,false,MANIFEST_DEFAULT,no manifest entry - defaulting to allowed
item,minecraft:smooth_stone_slab,minecraft,true,false,MANIFEST_DEFAULT,no manifest entry - defaulting to allowed
item,minecraft:heart_pottery_sherd,minecraft,true,false,MANIFEST_DEFAULT,no manifest entry - defaulting to allowed
item,minecraft:ladder,minecraft,true,false,MANIFEST_DEFAULT,no manifest entry - defaulting to allowed
item,minecraft:wither_skeleton_spawn_egg,minecraft,true,false,MANIFEST_DEFAULT,no manifest entry - defaulting to allowed
item,minecraft:dead_bubble_coral_block,minecraft,true,false,MANIFEST_DEFAULT,no manifest entry - defaulting to allowed
item,minecraft:redstone_torch,minecraft,true,false,MANIFEST_DEFAULT,no manifest entry - defaulting to allowed
item,minecraft:netherite_boots,minecraft,true,false,MANIFEST_DEFAULT,no manifest entry - defaulting to allowed
item,minecraft:moss_carpet,minecraft,true,false,MANIFEST_DEFAULT,no manifest entry - defaulting to allowed
item,minecraft:dead_fire_coral_fan,minecraft,true,false,MANIFEST_DEFAULT,no manifest entry - defaulting to allowed
item,minecraft:mossy_cobblestone_slab,minecraft,true,false,MANIFEST_DEFAULT,no manifest entry - defaulting to allowed
item,minecraft:iron_horse_armor,minecraft,true,false,MANIFEST_DEFAULT,no manifest entry - defaulting to allowed
item,minecraft:furnace_minecart,minecraft,true,false,MANIFEST_DEFAULT,no manifest entry - defaulting to allowed
item,minecraft:target,minecraft,true,false,MANIFEST_DEFAULT,no manifest entry - defaulting to allowed
item,minecraft:beetroot,minecraft,true,false,MANIFEST_DEFAULT,no manifest entry - defaulting to allowed
item,minecraft:gray_wool,minecraft,true,false,MANIFEST_DEFAULT,no manifest entry - defaulting to allowed
item,minecraft:white_concrete_powder,minecraft,true,false,MANIFEST_DEFAULT,no manifest entry - defaulting to allowed
item,minecraft:wet_sponge,minecraft,true,false,MANIFEST_DEFAULT,no manifest entry - defaulting to allowed
item,minecraft:rabbit_spawn_egg,minecraft,true,false,MANIFEST_DEFAULT,no manifest entry - defaulting to allowed
item,minecraft:yellow_terracotta,minecraft,true,false,MANIFEST_DEFAULT,no manifest entry - defaulting to allowed
item,minecraft:orange_carpet,minecraft,true,false,MANIFEST_DEFAULT,no manifest entry - defaulting to allowed
item,minecraft:waxed_weathered_cut_copper,minecraft,true,false,MANIFEST_DEFAULT,no manifest entry - defaulting to allowed
item,minecraft:yellow_concrete,minecraft,true,false,MANIFEST_DEFAULT,no manifest entry - defaulting to allowed
item,minecraft:cake,minecraft,true,false,MANIFEST_DEFAULT,no manifest entry - defaulting to allowed
item,minecraft:gray_bed,minecraft,true,false,MANIFEST_DEFAULT,no manifest entry - defaulting to allowed
item,minecraft:prismarine_crystals,minecraft,true,false,MANIFEST_DEFAULT,no manifest entry - defaulting to allowed
item,minecraft:orange_banner,minecraft,true,false,MANIFEST_DEFAULT,no manifest entry - defaulting to allowed
item,minecraft:stripped_birch_log,minecraft,true,false,MANIFEST_DEFAULT,no manifest entry - defaulting to allowed
item,minecraft:dark_oak_sign,minecraft,true,false,MANIFEST_DEFAULT,no manifest entry - defaulting to allowed
item,minecraft:granite_slab,minecraft,true,false,MANIFEST_DEFAULT,no manifest entry - defaulting to allowed
item,minecraft:cherry_boat,minecraft,true,false,MANIFEST_DEFAULT,no manifest entry - defaulting to allowed
item,minecraft:mud_brick_stairs,minecraft,true,false,MANIFEST_DEFAULT,no manifest entry - defaulting to allowed
item,minecraft:fire_coral,minecraft,true,false,MANIFEST_DEFAULT,no manifest entry - defaulting to allowed
item,minecraft:white_terracotta,minecraft,true,false,MANIFEST_DEFAULT,no manifest entry - defaulting to allowed
item,minecraft:chainmail_helmet,minecraft,true,false,MANIFEST_DEFAULT,no manifest entry - defaulting to allowed
item,minecraft:water_bucket,minecraft,true,false,MANIFEST_DEFAULT,no manifest entry - defaulting to allowed
item,minecraft:leather_boots,minecraft,true,false,MANIFEST_DEFAULT,no manifest entry - defaulting to allowed
item,minecraft:light_blue_dye,minecraft,true,false,MANIFEST_DEFAULT,no manifest entry - defaulting to allowed
item,minecraft:mycelium,minecraft,true,false,MANIFEST_DEFAULT,no manifest entry - defaulting to allowed
item,minecraft:sheaf_pottery_sherd,minecraft,true,false,MANIFEST_DEFAULT,no manifest entry - defaulting to allowed
item,minecraft:oak_hanging_sign,minecraft,true,false,MANIFEST_DEFAULT,no manifest entry - defaulting to allowed
item,minecraft:armor_stand,minecraft,true,false,MANIFEST_DEFAULT,no manifest entry - defaulting to allowed
item,minecraft:crimson_roots,minecraft,true,false,MANIFEST_DEFAULT,no manifest entry - defaulting to allowed
item,minecraft:pink_stained_glass_pane,minecraft,true,false,MANIFEST_DEFAULT,no manifest entry - defaulting to allowed
item,minecraft:mangrove_slab,minecraft,true,false,MANIFEST_DEFAULT,no manifest entry - defaulting to allowed
item,minecraft:lime_concrete_powder,minecraft,true,false,MANIFEST_DEFAULT,no manifest entry - defaulting to allowed
item,minecraft:leather_leggings,minecraft,true,false,MANIFEST_DEFAULT,no manifest entry - defaulting to allowed
item,minecraft:dead_horn_coral_fan,minecraft,true,false,MANIFEST_DEFAULT,no manifest entry - defaulting to allowed
item,minecraft:stripped_cherry_wood,minecraft,true,false,MANIFEST_DEFAULT,no manifest entry - defaulting to allowed
item,minecraft:waxed_copper_block,minecraft,true,false,MANIFEST_DEFAULT,no manifest entry - defaulting to allowed
item,minecraft:brown_banner,minecraft,true,false,MANIFEST_DEFAULT,no manifest entry - defaulting to allowed
item,minecraft:stripped_cherry_log,minecraft,true,false,MANIFEST_DEFAULT,no manifest entry - defaulting to allowed
item,minecraft:barrel,minecraft,true,true,MANIFEST_DEFAULT,"manifest.json (remove, UNVERIFIED)"
item,minecraft:cherry_leaves,minecraft,true,false,MANIFEST_DEFAULT,no manifest entry - defaulting to allowed
item,minecraft:sculk,minecraft,true,false,MANIFEST_DEFAULT,no manifest entry - defaulting to allowed
item,minecraft:cherry_pressure_plate,minecraft,true,false,MANIFEST_DEFAULT,no manifest entry - defaulting to allowed
item,minecraft:warped_hyphae,minecraft,true,false,MANIFEST_DEFAULT,no manifest entry - defaulting to allowed
item,minecraft:polished_blackstone_button,minecraft,true,false,MANIFEST_DEFAULT,no manifest entry - defaulting to allowed
item,minecraft:explorer_pottery_sherd,minecraft,true,false,MANIFEST_DEFAULT,no manifest entry - defaulting to allowed
item,minecraft:shelter_pottery_sherd,minecraft,true,false,MANIFEST_DEFAULT,no manifest entry - defaulting to allowed
item,minecraft:jungle_chest_boat,minecraft,true,false,MANIFEST_DEFAULT,no manifest entry - defaulting to allowed
item,minecraft:magenta_glazed_terracotta,minecraft,true,false,MANIFEST_DEFAULT,no manifest entry - defaulting to allowed
item,minecraft:polar_bear_spawn_egg,minecraft,true,false,MANIFEST_DEFAULT,no manifest entry - defaulting to allowed
item,minecraft:horn_coral,minecraft,true,false,MANIFEST_DEFAULT,no manifest entry - defaulting to allowed
item,minecraft:chiseled_stone_bricks,minecraft,true,false,MANIFEST_DEFAULT,no manifest entry - defaulting to allowed
item,minecraft:book,minecraft,true,false,MANIFEST_DEFAULT,no manifest entry - defaulting to allowed
item,minecraft:wooden_shovel,minecraft,true,false,MANIFEST_DEFAULT,no manifest entry - defaulting to allowed
item,minecraft:dead_tube_coral,minecraft,true,false,MANIFEST_DEFAULT,no manifest entry - defaulting to allowed
item,minecraft:chorus_fruit,minecraft,true,false,MANIFEST_DEFAULT,no manifest entry - defaulting to allowed
item,minecraft:end_stone_brick_slab,minecraft,true,false,MANIFEST_DEFAULT,no manifest entry - defaulting to allowed
item,minecraft:smithing_table,minecraft,true,true,MANIFEST_DEFAULT,"manifest.json (remove, UNVERIFIED)"
item,minecraft:green_bed,minecraft,true,false,MANIFEST_DEFAULT,no manifest entry - defaulting to allowed
item,minecraft:stray_spawn_egg,minecraft,true,false,MANIFEST_DEFAULT,no manifest entry - defaulting to allowed
item,minecraft:magma_block,minecraft,true,false,MANIFEST_DEFAULT,no manifest entry - defaulting to allowed
item,minecraft:shaper_armor_trim_smithing_template,minecraft,true,false,MANIFEST_DEFAULT,no manifest entry - defaulting to allowed
item,minecraft:spruce_pressure_plate,minecraft,true,false,MANIFEST_DEFAULT,no manifest entry - defaulting to allowed
item,minecraft:purple_terracotta,minecraft,true,false,MANIFEST_DEFAULT,no manifest entry - defaulting to allowed
item,minecraft:pink_concrete_powder,minecraft,true,false,MANIFEST_DEFAULT,no manifest entry - defaulting to allowed
item,minecraft:cauldron,minecraft,true,false,MANIFEST_DEFAULT,no manifest entry - defaulting to allowed
item,minecraft:bamboo_trapdoor,minecraft,true,false,MANIFEST_DEFAULT,no manifest entry - defaulting to allowed
item,minecraft:birch_leaves,minecraft,true,false,MANIFEST_DEFAULT,no manifest entry - defaulting to allowed
item,minecraft:acacia_leaves,minecraft,true,false,MANIFEST_DEFAULT,no manifest entry - defaulting to allowed
item,minecraft:brush,minecraft,true,true,MANIFEST_DEFAULT,"manifest.json (remove, UNVERIFIED)"
item,minecraft:chainmail_chestplate,minecraft,true,false,MANIFEST_DEFAULT,no manifest entry - defaulting to allowed
item,minecraft:bone,minecraft,true,false,MANIFEST_DEFAULT,no manifest entry - defaulting to allowed
item,minecraft:exposed_copper,minecraft,true,false,MANIFEST_DEFAULT,no manifest entry - defaulting to allowed
item,minecraft:bee_nest,minecraft,true,false,MANIFEST_DEFAULT,no manifest entry - defaulting to allowed
item,minecraft:music_disc_blocks,minecraft,true,false,MANIFEST_DEFAULT,no manifest entry - defaulting to allowed
item,minecraft:magenta_concrete_powder,minecraft,true,false,MANIFEST_DEFAULT,no manifest entry - defaulting to allowed
item,minecraft:warped_fungus_on_a_stick,minecraft,true,false,MANIFEST_DEFAULT,no manifest entry - defaulting to allowed
item,minecraft:diamond_shovel,minecraft,true,false,MANIFEST_DEFAULT,no manifest entry - defaulting to allowed
item,minecraft:end_portal_frame,minecraft,true,true,MANIFEST_DEFAULT,"manifest.json (remove, UNVERIFIED)"
item,minecraft:white_tulip,minecraft,true,false,MANIFEST_DEFAULT,no manifest entry - defaulting to allowed
item,minecraft:andesite_wall,minecraft,true,false,MANIFEST_DEFAULT,no manifest entry - defaulting to allowed
item,minecraft:sandstone_slab,minecraft,true,false,MANIFEST_DEFAULT,no manifest entry - defaulting to allowed
item,minecraft:hay_block,minecraft,true,false,MANIFEST_DEFAULT,no manifest entry - defaulting to allowed
item,minecraft:pufferfish_bucket,minecraft,true,false,MANIFEST_DEFAULT,no manifest entry - defaulting to allowed
item,minecraft:light_blue_candle,minecraft,true,false,MANIFEST_DEFAULT,no manifest entry - defaulting to allowed
item,minecraft:archer_pottery_sherd,minecraft,true,false,MANIFEST_DEFAULT,no manifest entry - defaulting to allowed
item,minecraft:cobblestone_slab,minecraft,true,false,MANIFEST_DEFAULT,no manifest entry - defaulting to allowed
item,minecraft:weathered_copper,minecraft,true,false,MANIFEST_DEFAULT,no manifest entry - defaulting to allowed
item,minecraft:purple_shulker_box,minecraft,true,false,MANIFEST_DEFAULT,no manifest entry - defaulting to allowed
item,minecraft:gray_banner,minecraft,true,false,MANIFEST_DEFAULT,no manifest entry - defaulting to allowed
item,minecraft:warped_stairs,minecraft,true,false,MANIFEST_DEFAULT,no manifest entry - defaulting to allowed
item,minecraft:spruce_hanging_sign,minecraft,true,false,MANIFEST_DEFAULT,no manifest entry - defaulting to allowed
item,minecraft:wild_armor_trim_smithing_template,minecraft,true,false,MANIFEST_DEFAULT,no manifest entry - defaulting to allowed
item,minecraft:angler_pottery_sherd,minecraft,true,false,MANIFEST_DEFAULT,no manifest entry - defaulting to allowed
item,minecraft:red_sand,minecraft,true,false,MANIFEST_DEFAULT,no manifest entry - defaulting to allowed
item,minecraft:cracked_polished_blackstone_bricks,minecraft,true,false,MANIFEST_DEFAULT,no manifest entry - defaulting to allowed
item,minecraft:popped_chorus_fruit,minecraft,true,false,MANIFEST_DEFAULT,no manifest entry - defaulting to allowed
item,minecraft:snout_armor_trim_smithing_template,minecraft,true,false,MANIFEST_DEFAULT,no manifest entry - defaulting to allowed
item,minecraft:minecart,minecraft,true,false,MANIFEST_DEFAULT,no manifest entry - defaulting to allowed
item,minecraft:smooth_sandstone_slab,minecraft,true,false,MANIFEST_DEFAULT,no manifest entry - defaulting to allowed
item,minecraft:zombie_head,minecraft,true,false,MANIFEST_DEFAULT,no manifest entry - defaulting to allowed
item,minecraft:dark_oak_leaves,minecraft,true,false,MANIFEST_DEFAULT,no manifest entry - defaulting to allowed
item,minecraft:chest,minecraft,true,false,MANIFEST_DEFAULT,no manifest entry - defaulting to allowed
item,minecraft:mangrove_leaves,minecraft,true,false,MANIFEST_DEFAULT,no manifest entry - defaulting to allowed
item,minecraft:gray_stained_glass,minecraft,true,false,MANIFEST_DEFAULT,no manifest entry - defaulting to allowed
item,minecraft:rail,minecraft,true,false,MANIFEST_DEFAULT,no manifest entry - defaulting to allowed
item,minecraft:trident,minecraft,true,true,MANIFEST_DEFAULT,"manifest.json (remove, UNVERIFIED)"
item,minecraft:sniffer_spawn_egg,minecraft,true,false,MANIFEST_DEFAULT,no manifest entry - defaulting to allowed
item,minecraft:pink_candle,minecraft,true,false,MANIFEST_DEFAULT,no manifest entry - defaulting to allowed
item,minecraft:white_concrete,minecraft,true,false,MANIFEST_DEFAULT,no manifest entry - defaulting to allowed
item,minecraft:iron_ore,minecraft,true,false,MANIFEST_DEFAULT,no manifest entry - defaulting to allowed
item,minecraft:moss_block,minecraft,true,false,MANIFEST_DEFAULT,no manifest entry - defaulting to allowed
item,minecraft:music_disc_strad,minecraft,true,false,MANIFEST_DEFAULT,no manifest entry - defaulting to allowed
item,minecraft:reinforced_deepslate,minecraft,true,false,MANIFEST_DEFAULT,no manifest entry - defaulting to allowed
item,minecraft:diamond_sword,minecraft,true,false,MANIFEST_DEFAULT,no manifest entry - defaulting to allowed
item,minecraft:stripped_dark_oak_log,minecraft,true,false,MANIFEST_DEFAULT,no manifest entry - defaulting to allowed
item,minecraft:red_terracotta,minecraft,true,false,MANIFEST_DEFAULT,no manifest entry - defaulting to allowed
item,minecraft:pitcher_pod,minecraft,true,false,MANIFEST_DEFAULT,no manifest entry - defaulting to allowed
item,minecraft:zombie_horse_spawn_egg,minecraft,true,false,MANIFEST_DEFAULT,no manifest entry - defaulting to allowed
item,minecraft:yellow_banner,minecraft,true,false,MANIFEST_DEFAULT,no manifest entry - defaulting to allowed
item,minecraft:pink_dye,minecraft,true,false,MANIFEST_DEFAULT,no manifest entry - defaulting to allowed
item,minecraft:small_amethyst_bud,minecraft,true,false,MANIFEST_DEFAULT,no manifest entry - defaulting to allowed
item,minecraft:creeper_banner_pattern,minecraft,true,false,MANIFEST_DEFAULT,no manifest entry - defaulting to allowed
item,minecraft:vine,minecraft,true,false,MANIFEST_DEFAULT,no manifest entry - defaulting to allowed
item,minecraft:waxed_exposed_cut_copper_slab,minecraft,true,false,MANIFEST_DEFAULT,no manifest entry - defaulting to allowed
item,minecraft:calcite,minecraft,true,false,MANIFEST_DEFAULT,no manifest entry - defaulting to allowed
item,minecraft:red_bed,minecraft,true,false,MANIFEST_DEFAULT,no manifest entry - defaulting to allowed
item,minecraft:dark_oak_fence,minecraft,true,false,MANIFEST_DEFAULT,no manifest entry - defaulting to allowed
item,minecraft:golden_shovel,minecraft,true,false,MANIFEST_DEFAULT,no manifest entry - defaulting to allowed
item,minecraft:cut_copper,minecraft,true,false,MANIFEST_DEFAULT,no manifest entry - defaulting to allowed
item,minecraft:deepslate_tile_stairs,minecraft,true,false,MANIFEST_DEFAULT,no manifest entry - defaulting to allowed
item,minecraft:soul_lantern,minecraft,true,false,MANIFEST_DEFAULT,no manifest entry - defaulting to allowed
item,minecraft:copper_ingot,minecraft,true,true,MANIFEST_DEFAULT,"manifest.json (remove, UNVERIFIED)"
item,minecraft:waxed_weathered_cut_copper_slab,minecraft,true,false,MANIFEST_DEFAULT,no manifest entry - defaulting to allowed
item,minecraft:deepslate_emerald_ore,minecraft,true,false,MANIFEST_DEFAULT,no manifest entry - defaulting to allowed
item,minecraft:stripped_mangrove_log,minecraft,true,false,MANIFEST_DEFAULT,no manifest entry - defaulting to allowed
item,minecraft:string,minecraft,true,false,MANIFEST_DEFAULT,no manifest entry - defaulting to allowed
item,minecraft:axolotl_bucket,minecraft,true,false,MANIFEST_DEFAULT,no manifest entry - defaulting to allowed
item,minecraft:netherite_helmet,minecraft,true,false,MANIFEST_DEFAULT,no manifest entry - defaulting to allowed
item,minecraft:creeper_head,minecraft,true,false,MANIFEST_DEFAULT,no manifest entry - defaulting to allowed
item,minecraft:crimson_trapdoor,minecraft,true,false,MANIFEST_DEFAULT,no manifest entry - defaulting to allowed
item,minecraft:cod_bucket,minecraft,true,false,MANIFEST_DEFAULT,no manifest entry - defaulting to allowed
item,minecraft:saddle,minecraft,true,false,MANIFEST_DEFAULT,no manifest entry - defaulting to allowed
item,minecraft:end_stone_brick_wall,minecraft,true,false,MANIFEST_DEFAULT,no manifest entry - defaulting to allowed
item,minecraft:polished_diorite_slab,minecraft,true,false,MANIFEST_DEFAULT,no manifest entry - defaulting to allowed
item,minecraft:bamboo_stairs,minecraft,true,false,MANIFEST_DEFAULT,no manifest entry - defaulting to allowed
item,minecraft:brown_glazed_terracotta,minecraft,true,false,MANIFEST_DEFAULT,no manifest entry - defaulting to allowed
item,minecraft:smooth_sandstone_stairs,minecraft,true,false,MANIFEST_DEFAULT,no manifest entry - defaulting to allowed
item,minecraft:blaze_powder,minecraft,true,false,MANIFEST_DEFAULT,no manifest entry - defaulting to allowed
item,minecraft:smooth_basalt,minecraft,true,false,MANIFEST_DEFAULT,no manifest entry - defaulting to allowed
item,minecraft:filled_map,minecraft,true,false,MANIFEST_DEFAULT,no manifest entry - defaulting to allowed
item,minecraft:chain,minecraft,true,false,MANIFEST_DEFAULT,no manifest entry - defaulting to allowed
item,minecraft:brown_concrete,minecraft,true,false,MANIFEST_DEFAULT,no manifest entry - defaulting to allowed
item,minecraft:white_wool,minecraft,true,false,MANIFEST_DEFAULT,no manifest entry - defaulting to allowed
item,minecraft:blue_concrete_powder,minecraft,true,false,MANIFEST_DEFAULT,no manifest entry - defaulting to allowed
item,minecraft:blue_stained_glass,minecraft,true,false,MANIFEST_DEFAULT,no manifest entry - defaulting to allowed
item,minecraft:hanging_roots,minecraft,true,false,MANIFEST_DEFAULT,no manifest entry - defaulting to allowed
item,minecraft:oak_fence,minecraft,true,false,MANIFEST_DEFAULT,no manifest entry - defaulting to allowed
item,minecraft:warped_trapdoor,minecraft,true,false,MANIFEST_DEFAULT,no manifest entry - defaulting to allowed
item,minecraft:experience_bottle,minecraft,true,false,MANIFEST_DEFAULT,no manifest entry - defaulting to allowed
item,minecraft:prismarine_brick_stairs,minecraft,true,false,MANIFEST_DEFAULT,no manifest entry - defaulting to allowed
item,minecraft:iron_boots,minecraft,true,false,MANIFEST_DEFAULT,no manifest entry - defaulting to allowed
item,minecraft:diamond_chestplate,minecraft,true,false,MANIFEST_DEFAULT,no manifest entry - defaulting to allowed
item,minecraft:golden_chestplate,minecraft,true,false,MANIFEST_DEFAULT,no manifest entry - defaulting to allowed
item,minecraft:deepslate_coal_ore,minecraft,true,false,MANIFEST_DEFAULT,no manifest entry - defaulting to allowed
item,minecraft:crimson_planks,minecraft,true,false,MANIFEST_DEFAULT,no manifest entry - defaulting to allowed
item,minecraft:smooth_red_sandstone,minecraft,true,false,MANIFEST_DEFAULT,no manifest entry - defaulting to allowed
item,minecraft:oak_sign,minecraft,true,false,MANIFEST_DEFAULT,no manifest entry - defaulting to allowed
item,minecraft:netherite_ingot,minecraft,true,true,MANIFEST_DEFAULT,"manifest.json (remove, UNVERIFIED)"
item,minecraft:blue_candle,minecraft,true,false,MANIFEST_DEFAULT,no manifest entry - defaulting to allowed
item,minecraft:howl_pottery_sherd,minecraft,true,false,MANIFEST_DEFAULT,no manifest entry - defaulting to allowed
item,minecraft:fire_coral_fan,minecraft,true,false,MANIFEST_DEFAULT,no manifest entry - defaulting to allowed
item,minecraft:birch_sign,minecraft,true,false,MANIFEST_DEFAULT,no manifest entry - defaulting to allowed
item,minecraft:ink_sac,minecraft,true,false,MANIFEST_DEFAULT,no manifest entry - defaulting to allowed
item,minecraft:waxed_oxidized_copper,minecraft,true,false,MANIFEST_DEFAULT,no manifest entry - defaulting to allowed
item,minecraft:birch_pressure_plate,minecraft,true,false,MANIFEST_DEFAULT,no manifest entry - defaulting to allowed
item,minecraft:flower_banner_pattern,minecraft,true,false,MANIFEST_DEFAULT,no manifest entry - defaulting to allowed
item,minecraft:netherite_block,minecraft,true,false,MANIFEST_DEFAULT,no manifest entry - defaulting to allowed
item,minecraft:oxeye_daisy,minecraft,true,false,MANIFEST_DEFAULT,no manifest entry - defaulting to allowed
item,minecraft:light,minecraft,true,false,MANIFEST_DEFAULT,no manifest entry - defaulting to allowed
item,minecraft:flint,minecraft,true,false,MANIFEST_DEFAULT,no manifest entry - defaulting to allowed
item,minecraft:deepslate,minecraft,true,false,MANIFEST_DEFAULT,no manifest entry - defaulting to allowed
item,minecraft:light_blue_terracotta,minecraft,true,false,MANIFEST_DEFAULT,no manifest entry - defaulting to allowed
item,minecraft:sunflower,minecraft,true,false,MANIFEST_DEFAULT,no manifest entry - defaulting to allowed
item,minecraft:spruce_stairs,minecraft,true,false,MANIFEST_DEFAULT,no manifest entry - defaulting to allowed
item,minecraft:music_disc_pigstep,minecraft,true,false,MANIFEST_DEFAULT,no manifest entry - defaulting to allowed
item,minecraft:silverfish_spawn_egg,minecraft,true,false,MANIFEST_DEFAULT,no manifest entry - defaulting to allowed
item,minecraft:phantom_membrane,minecraft,true,false,MANIFEST_DEFAULT,no manifest entry - defaulting to allowed
item,minecraft:mangrove_planks,minecraft,true,false,MANIFEST_DEFAULT,no manifest entry - defaulting to allowed
item,minecraft:dead_brain_coral_fan,minecraft,true,false,MANIFEST_DEFAULT,no manifest entry - defaulting to allowed
item,minecraft:black_bed,minecraft,true,false,MANIFEST_DEFAULT,no manifest entry - defaulting to allowed
item,minecraft:jungle_sign,minecraft,true,false,MANIFEST_DEFAULT,no manifest entry - defaulting to allowed
item,minecraft:cyan_candle,minecraft,true,false,MANIFEST_DEFAULT,no manifest entry - defaulting to allowed
item,minecraft:azure_bluet,minecraft,true,false,MANIFEST_DEFAULT,no manifest entry - defaulting to allowed
item,minecraft:golden_horse_armor,minecraft,true,false,MANIFEST_DEFAULT,no manifest entry - defaulting to allowed
item,minecraft:orange_tulip,minecraft,true,false,MANIFEST_DEFAULT,no manifest entry - defaulting to allowed
item,minecraft:scute,minecraft,true,false,MANIFEST_DEFAULT,no manifest entry - defaulting to allowed
item,minecraft:crossbow,minecraft,true,true,MANIFEST_DEFAULT,"manifest.json (remove, UNVERIFIED)"
item,minecraft:dirt_path,minecraft,true,false,MANIFEST_DEFAULT,no manifest entry - defaulting to allowed
item,minecraft:dead_bubble_coral,minecraft,true,false,MANIFEST_DEFAULT,no manifest entry - defaulting to allowed
item,minecraft:yellow_shulker_box,minecraft,true,false,MANIFEST_DEFAULT,no manifest entry - defaulting to allowed
item,minecraft:calibrated_sculk_sensor,minecraft,true,false,MANIFEST_DEFAULT,no manifest entry - defaulting to allowed
item,minecraft:dragon_breath,minecraft,true,false,MANIFEST_DEFAULT,no manifest entry - defaulting to allowed
item,minecraft:skeleton_skull,minecraft,true,false,MANIFEST_DEFAULT,no manifest entry - defaulting to allowed
item,minecraft:bowl,minecraft,true,false,MANIFEST_DEFAULT,no manifest entry - defaulting to allowed
item,minecraft:horn_coral_block,minecraft,true,false,MANIFEST_DEFAULT,no manifest entry - defaulting to allowed
item,minecraft:diamond,minecraft,true,false,MANIFEST_DEFAULT,no manifest entry - defaulting to allowed
item,minecraft:magenta_candle,minecraft,true,false,MANIFEST_DEFAULT,no manifest entry - defaulting to allowed
item,minecraft:green_stained_glass_pane,minecraft,true,false,MANIFEST_DEFAULT,no manifest entry - defaulting to allowed
item,minecraft:stripped_oak_log,minecraft,true,false,MANIFEST_DEFAULT,no manifest entry - defaulting to allowed
item,minecraft:crimson_slab,minecraft,true,false,MANIFEST_DEFAULT,no manifest entry - defaulting to allowed
item,minecraft:orange_dye,minecraft,true,false,MANIFEST_DEFAULT,no manifest entry - defaulting to allowed
item,minecraft:ancient_debris,minecraft,true,false,MANIFEST_DEFAULT,no manifest entry - defaulting to allowed
item,minecraft:black_concrete_powder,minecraft,true,false,MANIFEST_DEFAULT,no manifest entry - defaulting to allowed
item,minecraft:infested_stone,minecraft,true,false,MANIFEST_DEFAULT,no manifest entry - defaulting to allowed
item,minecraft:light_gray_dye,minecraft,true,false,MANIFEST_DEFAULT,no manifest entry - defaulting to allowed
item,minecraft:lime_carpet,minecraft,true,false,MANIFEST_DEFAULT,no manifest entry - defaulting to allowed
item,minecraft:purple_concrete_powder,minecraft,true,false,MANIFEST_DEFAULT,no manifest entry - defaulting to allowed
item,minecraft:purple_banner,minecraft,true,false,MANIFEST_DEFAULT,no manifest entry - defaulting to allowed
item,minecraft:birch_planks,minecraft,true,false,MANIFEST_DEFAULT,no manifest entry - defaulting to allowed
item,minecraft:light_gray_stained_glass_pane,minecraft,true,false,MANIFEST_DEFAULT,no manifest entry - defaulting to allowed
item,minecraft:spectral_arrow,minecraft,true,false,MANIFEST_DEFAULT,no manifest entry - defaulting to allowed
item,minecraft:green_terracotta,minecraft,true,false,MANIFEST_DEFAULT,no manifest entry - defaulting to allowed
item,minecraft:tnt_minecart,minecraft,true,false,MANIFEST_DEFAULT,no manifest entry - defaulting to allowed
item,minecraft:red_carpet,minecraft,true,false,MANIFEST_DEFAULT,no manifest entry - defaulting to allowed
item,minecraft:white_stained_glass,minecraft,true,false,MANIFEST_DEFAULT,no manifest entry - defaulting to allowed
item,minecraft:acacia_planks,minecraft,true,false,MANIFEST_DEFAULT,no manifest entry - defaulting to allowed
item,minecraft:slime_block,minecraft,true,false,MANIFEST_DEFAULT,no manifest entry - defaulting to allowed
item,minecraft:wooden_hoe,minecraft,true,false,MANIFEST_DEFAULT,no manifest entry - defaulting to allowed
item,minecraft:quartz_pillar,minecraft,true,false,MANIFEST_DEFAULT,no manifest entry - defaulting to allowed
item,minecraft:cherry_log,minecraft,true,false,MANIFEST_DEFAULT,no manifest entry - defaulting to allowed
item,minecraft:netherite_leggings,minecraft,true,false,MANIFEST_DEFAULT,no manifest entry - defaulting to allowed
item,minecraft:wolf_spawn_egg,minecraft,true,false,MANIFEST_DEFAULT,no manifest entry - defaulting to allowed
item,minecraft:lime_concrete,minecraft,true,false,MANIFEST_DEFAULT,no manifest entry - defaulting to allowed
item,minecraft:cherry_button,minecraft,true,false,MANIFEST_DEFAULT,no manifest entry - defaulting to allowed
item,minecraft:lava_bucket,minecraft,true,false,MANIFEST_DEFAULT,no manifest entry - defaulting to allowed
item,minecraft:skull_pottery_sherd,minecraft,true,false,MANIFEST_DEFAULT,no manifest entry - defaulting to allowed
item,minecraft:stripped_warped_stem,minecraft,true,false,MANIFEST_DEFAULT,no manifest entry - defaulting to allowed
item,minecraft:mud_bricks,minecraft,true,false,MANIFEST_DEFAULT,no manifest entry - defaulting to allowed
item,minecraft:rotten_flesh,minecraft,true,false,MANIFEST_DEFAULT,no manifest entry - defaulting to allowed
item,minecraft:parrot_spawn_egg,minecraft,true,false,MANIFEST_DEFAULT,no manifest entry - defaulting to allowed
item,minecraft:netherite_upgrade_smithing_template,minecraft,true,false,MANIFEST_DEFAULT,no manifest entry - defaulting to allowed
item,minecraft:purpur_stairs,minecraft,true,false,MANIFEST_DEFAULT,no manifest entry - defaulting to allowed
item,minecraft:soul_sand,minecraft,true,false,MANIFEST_DEFAULT,no manifest entry - defaulting to allowed
item,minecraft:brown_terracotta,minecraft,true,false,MANIFEST_DEFAULT,no manifest entry - defaulting to allowed
item,minecraft:waxed_oxidized_cut_copper_stairs,minecraft,true,false,MANIFEST_DEFAULT,no manifest entry - defaulting to allowed
item,minecraft:bamboo_block,minecraft,true,false,MANIFEST_DEFAULT,no manifest entry - defaulting to allowed
item,minecraft:blue_wool,minecraft,true,false,MANIFEST_DEFAULT,no manifest entry - defaulting to allowed
item,minecraft:glow_lichen,minecraft,true,false,MANIFEST_DEFAULT,no manifest entry - defaulting to allowed
item,minecraft:mossy_cobblestone_stairs,minecraft,true,false,MANIFEST_DEFAULT,no manifest entry - defaulting to allowed
item,minecraft:note_block,minecraft,true,false,MANIFEST_DEFAULT,no manifest entry - defaulting to allowed
item,minecraft:bamboo,minecraft,true,false,MANIFEST_DEFAULT,no manifest entry - defaulting to allowed
item,minecraft:sugar,minecraft,true,false,MANIFEST_DEFAULT,no manifest entry - defaulting to allowed
item,minecraft:blue_dye,minecraft,true,false,MANIFEST_DEFAULT,no manifest entry - defaulting to allowed
item,minecraft:piglin_spawn_egg,minecraft,true,false,MANIFEST_DEFAULT,no manifest entry - defaulting to allowed
item,minecraft:netherite_shovel,minecraft,true,false,MANIFEST_DEFAULT,no manifest entry - defaulting to allowed
item,minecraft:turtle_spawn_egg,minecraft,true,false,MANIFEST_DEFAULT,no manifest entry - defaulting to allowed
item,minecraft:red_shulker_box,minecraft,true,false,MANIFEST_DEFAULT,no manifest entry - defaulting to allowed
item,minecraft:acacia_hanging_sign,minecraft,true,false,MANIFEST_DEFAULT,no manifest entry - defaulting to allowed
item,minecraft:cat_spawn_egg,minecraft,true,false,MANIFEST_DEFAULT,no manifest entry - defaulting to allowed
item,minecraft:muddy_mangrove_roots,minecraft,true,false,MANIFEST_DEFAULT,no manifest entry - defaulting to allowed
item,minecraft:piston,minecraft,true,false,MANIFEST_DEFAULT,no manifest entry - defaulting to allowed
item,minecraft:dead_fire_coral_block,minecraft,true,false,MANIFEST_DEFAULT,no manifest entry - defaulting to allowed
item,minecraft:brown_bed,minecraft,true,false,MANIFEST_DEFAULT,no manifest entry - defaulting to allowed
item,minecraft:wither_rose,minecraft,true,false,MANIFEST_DEFAULT,no manifest entry - defaulting to allowed
item,minecraft:bubble_coral_block,minecraft,true,false,MANIFEST_DEFAULT,no manifest entry - defaulting to allowed
item,minecraft:wheat_seeds,minecraft,true,false,MANIFEST_DEFAULT,no manifest entry - defaulting to allowed
item,minecraft:heartbreak_pottery_sherd,minecraft,true,false,MANIFEST_DEFAULT,no manifest entry - defaulting to allowed
item,minecraft:blue_bed,minecraft,true,false,MANIFEST_DEFAULT,no manifest entry - defaulting to allowed
item,minecraft:ward_armor_trim_smithing_template,minecraft,true,false,MANIFEST_DEFAULT,no manifest entry - defaulting to allowed
item,minecraft:light_gray_carpet,minecraft,true,false,MANIFEST_DEFAULT,no manifest entry - defaulting to allowed
item,minecraft:bubble_coral,minecraft,true,false,MANIFEST_DEFAULT,no manifest entry - defaulting to allowed
item,minecraft:white_banner,minecraft,true,false,MANIFEST_DEFAULT,no manifest entry - defaulting to allowed
item,minecraft:smooth_quartz,minecraft,true,false,MANIFEST_DEFAULT,no manifest entry - defaulting to allowed
item,minecraft:smooth_sandstone,minecraft,true,false,MANIFEST_DEFAULT,no manifest entry - defaulting to allowed
item,minecraft:smooth_red_sandstone_stairs,minecraft,true,false,MANIFEST_DEFAULT,no manifest entry - defaulting to allowed
item,minecraft:end_crystal,minecraft,true,false,MANIFEST_DEFAULT,no manifest entry - defaulting to allowed
item,minecraft:rabbit_hide,minecraft,true,false,MANIFEST_DEFAULT,no manifest entry - defaulting to allowed
item,minecraft:zombified_piglin_spawn_egg,minecraft,true,false,MANIFEST_DEFAULT,no manifest entry - defaulting to allowed
item,minecraft:blaze_rod,minecraft,true,false,MANIFEST_DEFAULT,no manifest entry - defaulting to allowed
item,minecraft:light_gray_banner,minecraft,true,false,MANIFEST_DEFAULT,no manifest entry - defaulting to allowed
item,minecraft:sea_pickle,minecraft,true,false,MANIFEST_DEFAULT,no manifest entry - defaulting to allowed
item,minecraft:stone_pickaxe,minecraft,true,false,MANIFEST_DEFAULT,no manifest entry - defaulting to allowed
item,minecraft:light_blue_glazed_terracotta,minecraft,true,false,MANIFEST_DEFAULT,no manifest entry - defaulting to allowed
item,minecraft:shulker_box,minecraft,true,false,MANIFEST_DEFAULT,no manifest entry - defaulting to allowed
item,minecraft:vindicator_spawn_egg,minecraft,true,false,MANIFEST_DEFAULT,no manifest entry - defaulting to allowed
item,minecraft:dispenser,minecraft,true,false,MANIFEST_DEFAULT,no manifest entry - defaulting to allowed
item,minecraft:wooden_axe,minecraft,true,false,MANIFEST_DEFAULT,no manifest entry - defaulting to allowed
item,minecraft:cyan_stained_glass_pane,minecraft,true,false,MANIFEST_DEFAULT,no manifest entry - defaulting to allowed
item,minecraft:daylight_detector,minecraft,true,false,MANIFEST_DEFAULT,no manifest entry - defaulting to allowed
item,minecraft:sponge,minecraft,true,false,MANIFEST_DEFAULT,no manifest entry - defaulting to allowed
item,minecraft:cocoa_beans,minecraft,true,false,MANIFEST_DEFAULT,no manifest entry - defaulting to allowed
item,minecraft:husk_spawn_egg,minecraft,true,false,MANIFEST_DEFAULT,no manifest entry - defaulting to allowed
item,minecraft:quartz_stairs,minecraft,true,false,MANIFEST_DEFAULT,no manifest entry - defaulting to allowed
item,minecraft:diorite_wall,minecraft,true,false,MANIFEST_DEFAULT,no manifest entry - defaulting to allowed
item,minecraft:white_carpet,minecraft,true,false,MANIFEST_DEFAULT,no manifest entry - defaulting to allowed
item,minecraft:purple_glazed_terracotta,minecraft,true,false,MANIFEST_DEFAULT,no manifest entry - defaulting to allowed
item,minecraft:spruce_planks,minecraft,true,false,MANIFEST_DEFAULT,no manifest entry - defaulting to allowed
item,minecraft:mangrove_roots,minecraft,true,false,MANIFEST_DEFAULT,no manifest entry - defaulting to allowed
item,minecraft:red_stained_glass,minecraft,true,false,MANIFEST_DEFAULT,no manifest entry - defaulting to allowed
item,minecraft:deepslate_iron_ore,minecraft,true,false,MANIFEST_DEFAULT,no manifest entry - defaulting to allowed
item,minecraft:mossy_stone_bricks,minecraft,true,false,MANIFEST_DEFAULT,no manifest entry - defaulting to allowed
item,minecraft:purpur_slab,minecraft,true,false,MANIFEST_DEFAULT,no manifest entry - defaulting to allowed
item,minecraft:green_carpet,minecraft,true,false,MANIFEST_DEFAULT,no manifest entry - defaulting to allowed
item,minecraft:polished_blackstone_bricks,minecraft,true,false,MANIFEST_DEFAULT,no manifest entry - defaulting to allowed
item,minecraft:cracked_stone_bricks,minecraft,true,false,MANIFEST_DEFAULT,no manifest entry - defaulting to allowed
item,minecraft:jack_o_lantern,minecraft,true,false,MANIFEST_DEFAULT,no manifest entry - defaulting to allowed
item,minecraft:wither_spawn_egg,minecraft,true,false,MANIFEST_DEFAULT,no manifest entry - defaulting to allowed
item,minecraft:tripwire_hook,minecraft,true,false,MANIFEST_DEFAULT,no manifest entry - defaulting to allowed
item,minecraft:trapped_chest,minecraft,true,false,MANIFEST_DEFAULT,no manifest entry - defaulting to allowed
item,minecraft:hopper,minecraft,true,true,MANIFEST_DEFAULT,"manifest.json (remove, UNVERIFIED)"
item,minecraft:potion,minecraft,true,false,MANIFEST_DEFAULT,no manifest entry - defaulting to allowed
item,minecraft:raw_gold,minecraft,true,false,MANIFEST_DEFAULT,no manifest entry - defaulting to allowed
item,minecraft:lantern,minecraft,true,false,MANIFEST_DEFAULT,no manifest entry - defaulting to allowed
item,minecraft:green_banner,minecraft,true,false,MANIFEST_DEFAULT,no manifest entry - defaulting to allowed
item,minecraft:dried_kelp,minecraft,true,false,MANIFEST_DEFAULT,no manifest entry - defaulting to allowed
item,minecraft:ender_chest,minecraft,true,false,MANIFEST_DEFAULT,no manifest entry - defaulting to allowed
item,minecraft:magenta_stained_glass,minecraft,true,false,MANIFEST_DEFAULT,no manifest entry - defaulting to allowed
item,minecraft:gold_nugget,minecraft,true,false,MANIFEST_DEFAULT,no manifest entry - defaulting to allowed
item,minecraft:iron_bars,minecraft,true,false,MANIFEST_DEFAULT,no manifest entry - defaulting to allowed
item,minecraft:skeleton_horse_spawn_egg,minecraft,true,false,MANIFEST_DEFAULT,no manifest entry - defaulting to allowed
item,minecraft:beetroot_soup,minecraft,true,false,MANIFEST_DEFAULT,no manifest entry - defaulting to allowed
item,minecraft:dandelion,minecraft,true,false,MANIFEST_DEFAULT,no manifest entry - defaulting to allowed
item,minecraft:iron_trapdoor,minecraft,true,false,MANIFEST_DEFAULT,no manifest entry - defaulting to allowed
item,minecraft:drowned_spawn_egg,minecraft,true,false,MANIFEST_DEFAULT,no manifest entry - defaulting to allowed
item,minecraft:music_disc_chirp,minecraft,true,false,MANIFEST_DEFAULT,no manifest entry - defaulting to allowed
item,minecraft:deepslate_brick_wall,minecraft,true,false,MANIFEST_DEFAULT,no manifest entry - defaulting to allowed
item,minecraft:green_glazed_terracotta,minecraft,true,false,MANIFEST_DEFAULT,no manifest entry - defaulting to allowed
item,minecraft:brown_candle,minecraft,true,false,MANIFEST_DEFAULT,no manifest entry - defaulting to allowed
item,minecraft:music_disc_ward,minecraft,true,false,MANIFEST_DEFAULT,no manifest entry - defaulting to allowed
item,minecraft:cobblestone,minecraft,true,false,MANIFEST_DEFAULT,no manifest entry - defaulting to allowed
item,minecraft:rose_bush,minecraft,true,false,MANIFEST_DEFAULT,no manifest entry - defaulting to allowed
item,minecraft:lime_terracotta,minecraft,true,false,MANIFEST_DEFAULT,no manifest entry - defaulting to allowed
item,minecraft:cooked_cod,minecraft,true,false,MANIFEST_DEFAULT,no manifest entry - defaulting to allowed
item,minecraft:diamond_axe,minecraft,true,false,MANIFEST_DEFAULT,no manifest entry - defaulting to allowed
item,minecraft:iron_helmet,minecraft,true,false,MANIFEST_DEFAULT,no manifest entry - defaulting to allowed
item,minecraft:waxed_oxidized_cut_copper,minecraft,true,false,MANIFEST_DEFAULT,no manifest entry - defaulting to allowed
item,minecraft:jungle_wood,minecraft,true,false,MANIFEST_DEFAULT,no manifest entry - defaulting to allowed
item,minecraft:cartography_table,minecraft,true,false,MANIFEST_DEFAULT,no manifest entry - defaulting to allowed
item,minecraft:beef,minecraft,true,false,MANIFEST_DEFAULT,no manifest entry - defaulting to allowed
item,minecraft:polished_diorite,minecraft,true,false,MANIFEST_DEFAULT,no manifest entry - defaulting to allowed
item,minecraft:pink_tulip,minecraft,true,false,MANIFEST_DEFAULT,no manifest entry - defaulting to allowed
item,minecraft:crimson_nylium,minecraft,true,false,MANIFEST_DEFAULT,no manifest entry - defaulting to allowed
item,minecraft:stone_slab,minecraft,true,false,MANIFEST_DEFAULT,no manifest entry - defaulting to allowed
item,minecraft:acacia_pressure_plate,minecraft,true,false,MANIFEST_DEFAULT,no manifest entry - defaulting to allowed
item,minecraft:totem_of_undying,minecraft,true,false,MANIFEST_DEFAULT,no manifest entry - defaulting to allowed
item,minecraft:lime_bed,minecraft,true,false,MANIFEST_DEFAULT,no manifest entry - defaulting to allowed
item,minecraft:diamond_horse_armor,minecraft,true,false,MANIFEST_DEFAULT,no manifest entry - defaulting to allowed
item,minecraft:dark_oak_pressure_plate,minecraft,true,false,MANIFEST_DEFAULT,no manifest entry - defaulting to allowed
item,minecraft:acacia_slab,minecraft,true,false,MANIFEST_DEFAULT,no manifest entry - defaulting to allowed
item,minecraft:jungle_stairs,minecraft,true,false,MANIFEST_DEFAULT,no manifest entry - defaulting to allowed
item,minecraft:salmon,minecraft,true,false,MANIFEST_DEFAULT,no manifest entry - defaulting to allowed
item,minecraft:wither_skeleton_skull,minecraft,true,false,MANIFEST_DEFAULT,no manifest entry - defaulting to allowed
item,minecraft:blast_furnace,minecraft,true,false,MANIFEST_DEFAULT,no manifest entry - defaulting to allowed
item,minecraft:polished_andesite_stairs,minecraft,true,false,MANIFEST_DEFAULT,no manifest entry - defaulting to allowed
item,minecraft:stripped_jungle_log,minecraft,true,false,MANIFEST_DEFAULT,no manifest entry - defaulting to allowed
item,minecraft:snowball,minecraft,true,false,MANIFEST_DEFAULT,no manifest entry - defaulting to allowed
item,minecraft:grass_block,minecraft,true,false,MANIFEST_DEFAULT,no manifest entry - defaulting to allowed
item,minecraft:allium,minecraft,true,false,MANIFEST_DEFAULT,no manifest entry - defaulting to allowed
item,minecraft:bell,minecraft,true,false,MANIFEST_DEFAULT,no manifest entry - defaulting to allowed
item,minecraft:infested_deepslate,minecraft,true,false,MANIFEST_DEFAULT,no manifest entry - defaulting to allowed
item,minecraft:lime_wool,minecraft,true,false,MANIFEST_DEFAULT,no manifest entry - defaulting to allowed
item,minecraft:light_gray_wool,minecraft,true,false,MANIFEST_DEFAULT,no manifest entry - defaulting to allowed
item,minecraft:tube_coral_fan,minecraft,true,false,MANIFEST_DEFAULT,no manifest entry - defaulting to allowed
item,minecraft:cherry_chest_boat,minecraft,true,false,MANIFEST_DEFAULT,no manifest entry - defaulting to allowed
item,minecraft:waxed_cut_copper,minecraft,true,false,MANIFEST_DEFAULT,no manifest entry - defaulting to allowed
item,minecraft:warped_stem,minecraft,true,false,MANIFEST_DEFAULT,no manifest entry - defaulting to allowed
item,minecraft:tipped_arrow,minecraft,true,false,MANIFEST_DEFAULT,no manifest entry - defaulting to allowed
item,minecraft:jungle_leaves,minecraft,true,false,MANIFEST_DEFAULT,no manifest entry - defaulting to allowed
item,minecraft:stripped_crimson_stem,minecraft,true,false,MANIFEST_DEFAULT,no manifest entry - defaulting to allowed
item,minecraft:light_blue_carpet,minecraft,true,false,MANIFEST_DEFAULT,no manifest entry - defaulting to allowed
item,minecraft:guardian_spawn_egg,minecraft,true,false,MANIFEST_DEFAULT,no manifest entry - defaulting to allowed
item,minecraft:chiseled_polished_blackstone,minecraft,true,false,MANIFEST_DEFAULT,no manifest entry - defaulting to allowed
item,minecraft:firework_rocket,minecraft,true,false,MANIFEST_DEFAULT,no manifest entry - defaulting to allowed
item,minecraft:turtle_helmet,minecraft,true,false,MANIFEST_DEFAULT,no manifest entry - defaulting to allowed
item,minecraft:trader_llama_spawn_egg,minecraft,true,false,MANIFEST_DEFAULT,no manifest entry - defaulting to allowed
item,minecraft:strider_spawn_egg,minecraft,true,false,MANIFEST_DEFAULT,no manifest entry - defaulting to allowed
item,minecraft:burn_pottery_sherd,minecraft,true,false,MANIFEST_DEFAULT,no manifest entry - defaulting to allowed
item,minecraft:brain_coral_block,minecraft,true,false,MANIFEST_DEFAULT,no manifest entry - defaulting to allowed
item,minecraft:cobbled_deepslate_stairs,minecraft,true,false,MANIFEST_DEFAULT,no manifest entry - defaulting to allowed
item,minecraft:baked_potato,minecraft,true,false,MANIFEST_DEFAULT,no manifest entry - defaulting to allowed
item,minecraft:light_blue_banner,minecraft,true,false,MANIFEST_DEFAULT,no manifest entry - defaulting to allowed
item,minecraft:fletching_table,minecraft,true,false,MANIFEST_DEFAULT,no manifest entry - defaulting to allowed
item,minecraft:music_disc_cat,minecraft,true,false,MANIFEST_DEFAULT,no manifest entry - defaulting to allowed
item,minecraft:cooked_salmon,minecraft,true,false,MANIFEST_DEFAULT,no manifest entry - defaulting to allowed
item,minecraft:mossy_cobblestone_wall,minecraft,true,false,MANIFEST_DEFAULT,no manifest entry - defaulting to allowed
item,minecraft:chipped_anvil,minecraft,true,false,MANIFEST_DEFAULT,no manifest entry - defaulting to allowed
item,minecraft:spyglass,minecraft,true,true,MANIFEST_DEFAULT,"manifest.json (remove, UNVERIFIED)"
item,minecraft:red_banner,minecraft,true,false,MANIFEST_DEFAULT,no manifest entry - defaulting to allowed
item,minecraft:purpur_pillar,minecraft,true,false,MANIFEST_DEFAULT,no manifest entry - defaulting to allowed
item,minecraft:heavy_weighted_pressure_plate,minecraft,true,false,MANIFEST_DEFAULT,no manifest entry - defaulting to allowed
item,minecraft:pink_stained_glass,minecraft,true,false,MANIFEST_DEFAULT,no manifest entry - defaulting to allowed
item,minecraft:cyan_concrete,minecraft,true,false,MANIFEST_DEFAULT,no manifest entry - defaulting to allowed
item,minecraft:deepslate_tile_slab,minecraft,true,false,MANIFEST_DEFAULT,no manifest entry - defaulting to allowed
item,minecraft:stone_shovel,minecraft,true,false,MANIFEST_DEFAULT,no manifest entry - defaulting to allowed
item,minecraft:golden_leggings,minecraft,true,false,MANIFEST_DEFAULT,no manifest entry - defaulting to allowed
item,minecraft:stripped_birch_wood,minecraft,true,false,MANIFEST_DEFAULT,no manifest entry - defaulting to allowed
item,minecraft:oak_chest_boat,minecraft,true,false,MANIFEST_DEFAULT,no manifest entry - defaulting to allowed
item,minecraft:waxed_oxidized_cut_copper_slab,minecraft,true,false,MANIFEST_DEFAULT,no manifest entry - defaulting to allowed
item,minecraft:sculk_catalyst,minecraft,true,false,MANIFEST_DEFAULT,no manifest entry - defaulting to allowed
item,minecraft:chainmail_leggings,minecraft,true,false,MANIFEST_DEFAULT,no manifest entry - defaulting to allowed
item,minecraft:polished_blackstone_stairs,minecraft,true,false,MANIFEST_DEFAULT,no manifest entry - defaulting to allowed
item,minecraft:kelp,minecraft,true,false,MANIFEST_DEFAULT,no manifest entry - defaulting to allowed
item,minecraft:lime_banner,minecraft,true,false,MANIFEST_DEFAULT,no manifest entry - defaulting to allowed
item,minecraft:deepslate_brick_stairs,minecraft,true,false,MANIFEST_DEFAULT,no manifest entry - defaulting to allowed
item,minecraft:stone_pressure_plate,minecraft,true,false,MANIFEST_DEFAULT,no manifest entry - defaulting to allowed
item,minecraft:zombie_villager_spawn_egg,minecraft,true,false,MANIFEST_DEFAULT,no manifest entry - defaulting to allowed
item,minecraft:dropper,minecraft,true,false,MANIFEST_DEFAULT,no manifest entry - defaulting to allowed
item,minecraft:yellow_stained_glass_pane,minecraft,true,false,MANIFEST_DEFAULT,no manifest entry - defaulting to allowed
item,minecraft:redstone_lamp,minecraft,true,false,MANIFEST_DEFAULT,no manifest entry - defaulting to allowed
item,minecraft:black_carpet,minecraft,true,false,MANIFEST_DEFAULT,no manifest entry - defaulting to allowed
item,minecraft:end_rod,minecraft,true,false,MANIFEST_DEFAULT,no manifest entry - defaulting to allowed
item,minecraft:dead_bubble_coral_fan,minecraft,true,false,MANIFEST_DEFAULT,no manifest entry - defaulting to allowed
item,minecraft:azalea_leaves,minecraft,true,false,MANIFEST_DEFAULT,no manifest entry - defaulting to allowed
item,minecraft:raiser_armor_trim_smithing_template,minecraft,true,false,MANIFEST_DEFAULT,no manifest entry - defaulting to allowed
item,minecraft:bamboo_mosaic_stairs,minecraft,true,false,MANIFEST_DEFAULT,no manifest entry - defaulting to allowed
item,minecraft:mossy_cobblestone,minecraft,true,false,MANIFEST_DEFAULT,no manifest entry - defaulting to allowed
item,minecraft:golden_helmet,minecraft,true,false,MANIFEST_DEFAULT,no manifest entry - defaulting to allowed
item,minecraft:weathered_cut_copper_stairs,minecraft,true,false,MANIFEST_DEFAULT,no manifest entry - defaulting to allowed
item,minecraft:glowstone_dust,minecraft,true,false,MANIFEST_DEFAULT,no manifest entry - defaulting to allowed
item,minecraft:warped_button,minecraft,true,false,MANIFEST_DEFAULT,no manifest entry - defaulting to allowed
item,minecraft:polished_deepslate,minecraft,true,false,MANIFEST_DEFAULT,no manifest entry - defaulting to allowed
item,minecraft:bat_spawn_egg,minecraft,true,false,MANIFEST_DEFAULT,no manifest entry - defaulting to allowed
item,minecraft:mangrove_boat,minecraft,true,false,MANIFEST_DEFAULT,no manifest entry - defaulting to allowed
item,minecraft:bread,minecraft,true,false,MANIFEST_DEFAULT,no manifest entry - defaulting to allowed
item,minecraft:glow_berries,minecraft,true,false,MANIFEST_DEFAULT,no manifest entry - defaulting to allowed
item,minecraft:mooshroom_spawn_egg,minecraft,true,false,MANIFEST_DEFAULT,no manifest entry - defaulting to allowed
item,minecraft:knowledge_book,minecraft,true,false,MANIFEST_DEFAULT,no manifest entry - defaulting to allowed
item,minecraft:tube_coral,minecraft,true,false,MANIFEST_DEFAULT,no manifest entry - defaulting to allowed
item,minecraft:mutton,minecraft,true,false,MANIFEST_DEFAULT,no manifest entry - defaulting to allowed
item,minecraft:brown_shulker_box,minecraft,true,false,MANIFEST_DEFAULT,no manifest entry - defaulting to allowed
item,minecraft:torch,minecraft,true,false,MANIFEST_DEFAULT,no manifest entry - defaulting to allowed
item,minecraft:polished_granite_stairs,minecraft,true,false,MANIFEST_DEFAULT,no manifest entry - defaulting to allowed
item,minecraft:salmon_spawn_egg,minecraft,true,false,MANIFEST_DEFAULT,no manifest entry - defaulting to allowed
item,minecraft:acacia_boat,minecraft,true,false,MANIFEST_DEFAULT,no manifest entry - defaulting to allowed
item,minecraft:azalea,minecraft,true,false,MANIFEST_DEFAULT,no manifest entry - defaulting to allowed
item,minecraft:lever,minecraft,true,false,MANIFEST_DEFAULT,no manifest entry - defaulting to allowed
item,minecraft:suspicious_gravel,minecraft,true,false,MANIFEST_DEFAULT,no manifest entry - defaulting to allowed
item,minecraft:nether_quartz_ore,minecraft,true,false,MANIFEST_DEFAULT,no manifest entry - defaulting to allowed
item,minecraft:brain_coral,minecraft,true,false,MANIFEST_DEFAULT,no manifest entry - defaulting to allowed
item,minecraft:netherite_pickaxe,minecraft,true,false,MANIFEST_DEFAULT,no manifest entry - defaulting to allowed
item,minecraft:map,minecraft,true,false,MANIFEST_DEFAULT,no manifest entry - defaulting to allowed
item,minecraft:ghast_tear,minecraft,true,false,MANIFEST_DEFAULT,no manifest entry - defaulting to allowed
item,minecraft:detector_rail,minecraft,true,false,MANIFEST_DEFAULT,no manifest entry - defaulting to allowed
item,minecraft:stripped_acacia_log,minecraft,true,false,MANIFEST_DEFAULT,no manifest entry - defaulting to allowed
item,minecraft:pink_bed,minecraft,true,false,MANIFEST_DEFAULT,no manifest entry - defaulting to allowed
item,minecraft:waxed_exposed_copper,minecraft,true,false,MANIFEST_DEFAULT,no manifest entry - defaulting to allowed
item,minecraft:shield,minecraft,true,true,MANIFEST_DEFAULT,"manifest.json (remove, UNVERIFIED)"
item,minecraft:blue_concrete,minecraft,true,false,MANIFEST_DEFAULT,no manifest entry - defaulting to allowed
item,minecraft:music_disc_13,minecraft,true,false,MANIFEST_DEFAULT,no manifest entry - defaulting to allowed
item,minecraft:blackstone_slab,minecraft,true,false,MANIFEST_DEFAULT,no manifest entry - defaulting to allowed
item,minecraft:damaged_anvil,minecraft,true,false,MANIFEST_DEFAULT,no manifest entry - defaulting to allowed
item,minecraft:bamboo_slab,minecraft,true,false,MANIFEST_DEFAULT,no manifest entry - defaulting to allowed
item,minecraft:crimson_sign,minecraft,true,false,MANIFEST_DEFAULT,no manifest entry - defaulting to allowed
item,minecraft:spore_blossom,minecraft,true,false,MANIFEST_DEFAULT,no manifest entry - defaulting to allowed
item,minecraft:dark_oak_chest_boat,minecraft,true,false,MANIFEST_DEFAULT,no manifest entry - defaulting to allowed
item,minecraft:music_disc_11,minecraft,true,false,MANIFEST_DEFAULT,no manifest entry - defaulting to allowed
item,minecraft:spawner,minecraft,true,false,MANIFEST_DEFAULT,no manifest entry - defaulting to allowed
item,minecraft:dark_oak_trapdoor,minecraft,true,false,MANIFEST_DEFAULT,no manifest entry - defaulting to allowed
item,minecraft:black_banner,minecraft,true,false,MANIFEST_DEFAULT,no manifest entry - defaulting to allowed
item,minecraft:painting,minecraft,true,false,MANIFEST_DEFAULT,no manifest entry - defaulting to allowed
item,minecraft:iron_shovel,minecraft,true,false,MANIFEST_DEFAULT,no manifest entry - defaulting to allowed
item,minecraft:stone_brick_slab,minecraft,true,false,MANIFEST_DEFAULT,no manifest entry - defaulting to allowed
item,minecraft:waxed_weathered_copper,minecraft,true,false,MANIFEST_DEFAULT,no manifest entry - defaulting to allowed
item,minecraft:deepslate_redstone_ore,minecraft,true,false,MANIFEST_DEFAULT,no manifest entry - defaulting to allowed
item,minecraft:polished_blackstone_pressure_plate,minecraft,true,false,MANIFEST_DEFAULT,no manifest entry - defaulting to allowed
item,minecraft:quartz_bricks,minecraft,true,false,MANIFEST_DEFAULT,no manifest entry - defaulting to allowed
item,minecraft:crafting_table,minecraft,true,false,MANIFEST_DEFAULT,no manifest entry - defaulting to allowed
item,minecraft:melon_slice,minecraft,true,false,MANIFEST_DEFAULT,no manifest entry - defaulting to allowed
item,minecraft:sandstone_wall,minecraft,true,false,MANIFEST_DEFAULT,no manifest entry - defaulting to allowed
item,minecraft:purple_concrete,minecraft,true,false,MANIFEST_DEFAULT,no manifest entry - defaulting to allowed
item,minecraft:netherite_chestplate,minecraft,true,false,MANIFEST_DEFAULT,no manifest entry - defaulting to allowed
item,minecraft:red_sandstone_wall,minecraft,true,false,MANIFEST_DEFAULT,no manifest entry - defaulting to allowed
item,minecraft:polished_deepslate_slab,minecraft,true,false,MANIFEST_DEFAULT,no manifest entry - defaulting to allowed
item,minecraft:cut_copper_slab,minecraft,true,false,MANIFEST_DEFAULT,no manifest entry - defaulting to allowed
item,minecraft:dark_oak_wood,minecraft,true,false,MANIFEST_DEFAULT,no manifest entry - defaulting to allowed
item,minecraft:acacia_chest_boat,minecraft,true,false,MANIFEST_DEFAULT,no manifest entry - defaulting to allowed
item,minecraft:birch_hanging_sign,minecraft,true,false,MANIFEST_DEFAULT,no manifest entry - defaulting to allowed
item,minecraft:pig_spawn_egg,minecraft,true,false,MANIFEST_DEFAULT,no manifest entry - defaulting to allowed
item,minecraft:light_blue_wool,minecraft,true,false,MANIFEST_DEFAULT,no manifest entry - defaulting to allowed
item,minecraft:music_disc_wait,minecraft,true,false,MANIFEST_DEFAULT,no manifest entry - defaulting to allowed
item,minecraft:infested_mossy_stone_bricks,minecraft,true,false,MANIFEST_DEFAULT,no manifest entry - defaulting to allowed
item,minecraft:light_gray_concrete,minecraft,true,false,MANIFEST_DEFAULT,no manifest entry - defaulting to allowed
item,minecraft:orange_wool,minecraft,true,false,MANIFEST_DEFAULT,no manifest entry - defaulting to allowed
item,minecraft:pink_carpet,minecraft,true,false,MANIFEST_DEFAULT,no manifest entry - defaulting to allowed
item,minecraft:orange_glazed_terracotta,minecraft,true,false,MANIFEST_DEFAULT,no manifest entry - defaulting to allowed
item,minecraft:gray_glazed_terracotta,minecraft,true,false,MANIFEST_DEFAULT,no manifest entry - defaulting to allowed
item,minecraft:acacia_stairs,minecraft,true,false,MANIFEST_DEFAULT,no manifest entry - defaulting to allowed
item,minecraft:cherry_slab,minecraft,true,false,MANIFEST_DEFAULT,no manifest entry - defaulting to allowed
item,minecraft:raw_gold_block,minecraft,true,false,MANIFEST_DEFAULT,no manifest entry - defaulting to allowed
item,minecraft:deepslate_bricks,minecraft,true,false,MANIFEST_DEFAULT,no manifest entry - defaulting to allowed
item,minecraft:birch_door,minecraft,true,false,MANIFEST_DEFAULT,no manifest entry - defaulting to allowed
item,minecraft:rooted_dirt,minecraft,true,false,MANIFEST_DEFAULT,no manifest entry - defaulting to allowed
item,minecraft:anvil,minecraft,true,true,MANIFEST_DEFAULT,"manifest.json (remove, UNVERIFIED)"
item,minecraft:red_concrete,minecraft,true,false,MANIFEST_DEFAULT,no manifest entry - defaulting to allowed
item,minecraft:slime_spawn_egg,minecraft,true,false,MANIFEST_DEFAULT,no manifest entry - defaulting to allowed
item,minecraft:stripped_acacia_wood,minecraft,true,false,MANIFEST_DEFAULT,no manifest entry - defaulting to allowed
item,minecraft:feather,minecraft,true,false,MANIFEST_DEFAULT,no manifest entry - defaulting to allowed
item,minecraft:waxed_weathered_cut_copper_stairs,minecraft,true,false,MANIFEST_DEFAULT,no manifest entry - defaulting to allowed
item,minecraft:red_dye,minecraft,true,false,MANIFEST_DEFAULT,no manifest entry - defaulting to allowed
item,minecraft:mossy_stone_brick_stairs,minecraft,true,false,MANIFEST_DEFAULT,no manifest entry - defaulting to allowed
item,minecraft:cooked_chicken,minecraft,true,false,MANIFEST_DEFAULT,no manifest entry - defaulting to allowed
item,minecraft:oak_trapdoor,minecraft,true,false,MANIFEST_DEFAULT,no manifest entry - defaulting to allowed
item,minecraft:camel_spawn_egg,minecraft,true,false,MANIFEST_DEFAULT,no manifest entry - defaulting to allowed
item,minecraft:jungle_sapling,minecraft,true,false,MANIFEST_DEFAULT,no manifest entry - defaulting to allowed
item,minecraft:amethyst_block,minecraft,true,false,MANIFEST_DEFAULT,no manifest entry - defaulting to allowed
item,minecraft:oak_door,minecraft,true,false,MANIFEST_DEFAULT,no manifest entry - defaulting to allowed
item,minecraft:sniffer_egg,minecraft,true,false,MANIFEST_DEFAULT,no manifest entry - defaulting to allowed
item,minecraft:orange_bed,minecraft,true,false,MANIFEST_DEFAULT,no manifest entry - defaulting to allowed
item,minecraft:birch_button,minecraft,true,false,MANIFEST_DEFAULT,no manifest entry - defaulting to allowed
item,minecraft:nether_brick,minecraft,true,false,MANIFEST_DEFAULT,no manifest entry - defaulting to allowed
item,minecraft:chorus_plant,minecraft,true,false,MANIFEST_DEFAULT,no manifest entry - defaulting to allowed
item,minecraft:wooden_sword,minecraft,true,false,MANIFEST_DEFAULT,no manifest entry - defaulting to allowed
item,minecraft:birch_fence_gate,minecraft,true,false,MANIFEST_DEFAULT,no manifest entry - defaulting to allowed
item,minecraft:bone_meal,minecraft,true,false,MANIFEST_DEFAULT,no manifest entry - defaulting to allowed
item,minecraft:tadpole_bucket,minecraft,true,false,MANIFEST_DEFAULT,no manifest entry - defaulting to allowed
item,minecraft:mangrove_propagule,minecraft,true,false,MANIFEST_DEFAULT,no manifest entry - defaulting to allowed
item,minecraft:black_glazed_terracotta,minecraft,true,false,MANIFEST_DEFAULT,no manifest entry - defaulting to allowed
item,minecraft:tadpole_spawn_egg,minecraft,true,false,MANIFEST_DEFAULT,no manifest entry - defaulting to allowed
item,minecraft:netherite_sword,minecraft,true,false,MANIFEST_DEFAULT,no manifest entry - defaulting to allowed
item,minecraft:honey_bottle,minecraft,true,false,MANIFEST_DEFAULT,no manifest entry - defaulting to allowed
item,minecraft:smooth_quartz_slab,minecraft,true,false,MANIFEST_DEFAULT,no manifest entry - defaulting to allowed
item,minecraft:spruce_door,minecraft,true,false,MANIFEST_DEFAULT,no manifest entry - defaulting to allowed
item,minecraft:cyan_bed,minecraft,true,false,MANIFEST_DEFAULT,no manifest entry - defaulting to allowed
item,minecraft:carrot_on_a_stick,minecraft,true,false,MANIFEST_DEFAULT,no manifest entry - defaulting to allowed
item,minecraft:red_stained_glass_pane,minecraft,true,false,MANIFEST_DEFAULT,no manifest entry - defaulting to allowed
item,minecraft:ochre_froglight,minecraft,true,false,MANIFEST_DEFAULT,no manifest entry - defaulting to allowed
item,minecraft:brown_wool,minecraft,true,false,MANIFEST_DEFAULT,no manifest entry - defaulting to allowed
item,minecraft:phantom_spawn_egg,minecraft,true,false,MANIFEST_DEFAULT,no manifest entry - defaulting to allowed
item,minecraft:sweet_berries,minecraft,true,false,MANIFEST_DEFAULT,no manifest entry - defaulting to allowed
item,minecraft:brick_wall,minecraft,true,false,MANIFEST_DEFAULT,no manifest entry - defaulting to allowed
item,minecraft:raw_copper_block,minecraft,true,false,MANIFEST_DEFAULT,no manifest entry - defaulting to allowed
item,minecraft:purple_bed,minecraft,true,false,MANIFEST_DEFAULT,no manifest entry - defaulting to allowed
item,minecraft:orange_concrete,minecraft,true,false,MANIFEST_DEFAULT,no manifest entry - defaulting to allowed
item,minecraft:heart_of_the_sea,minecraft,true,false,MANIFEST_DEFAULT,no manifest entry - defaulting to allowed
item,minecraft:mud_brick_wall,minecraft,true,false,MANIFEST_DEFAULT,no manifest entry - defaulting to allowed
item,minecraft:warped_wart_block,minecraft,true,false,MANIFEST_DEFAULT,no manifest entry - defaulting to allowed
item,minecraft:dark_prismarine,minecraft,true,false,MANIFEST_DEFAULT,no manifest entry - defaulting to allowed
item,minecraft:pumpkin,minecraft,true,false,MANIFEST_DEFAULT,no manifest entry - defaulting to allowed
item,minecraft:leather_horse_armor,minecraft,true,false,MANIFEST_DEFAULT,no manifest entry - defaulting to allowed
item,minecraft:cookie,minecraft,true,false,MANIFEST_DEFAULT,no manifest entry - defaulting to allowed
item,minecraft:raw_iron_block,minecraft,true,false,MANIFEST_DEFAULT,no manifest entry - defaulting to allowed
item,minecraft:dark_oak_planks,minecraft,true,false,MANIFEST_DEFAULT,no manifest entry - defaulting to allowed
item,minecraft:lapis_lazuli,minecraft,true,false,MANIFEST_DEFAULT,no manifest entry - defaulting to allowed
item,minecraft:dead_horn_coral,minecraft,true,false,MANIFEST_DEFAULT,no manifest entry - defaulting to allowed
item,minecraft:lightning_rod,minecraft,true,false,MANIFEST_DEFAULT,no manifest entry - defaulting to allowed
item,minecraft:candle,minecraft,true,false,MANIFEST_DEFAULT,no manifest entry - defaulting to allowed
item,minecraft:oak_button,minecraft,true,false,MANIFEST_DEFAULT,no manifest entry - defaulting to allowed
item,minecraft:granite_wall,minecraft,true,false,MANIFEST_DEFAULT,no manifest entry - defaulting to allowed
item,minecraft:orange_concrete_powder,minecraft,true,false,MANIFEST_DEFAULT,no manifest entry - defaulting to allowed
item,minecraft:petrified_oak_slab,minecraft,true,false,MANIFEST_DEFAULT,no manifest entry - defaulting to allowed
item,minecraft:dark_oak_hanging_sign,minecraft,true,false,MANIFEST_DEFAULT,no manifest entry - defaulting to allowed
item,minecraft:redstone_block,minecraft,true,false,MANIFEST_DEFAULT,no manifest entry - defaulting to allowed
item,minecraft:shears,minecraft,true,false,MANIFEST_DEFAULT,no manifest entry - defaulting to allowed
item,minecraft:name_tag,minecraft,true,false,MANIFEST_DEFAULT,no manifest entry - defaulting to allowed
item,minecraft:wheat,minecraft,true,false,MANIFEST_DEFAULT,no manifest entry - defaulting to allowed
item,minecraft:honeycomb_block,minecraft,true,false,MANIFEST_DEFAULT,no manifest entry - defaulting to allowed
item,minecraft:sculk_vein,minecraft,true,false,MANIFEST_DEFAULT,no manifest entry - defaulting to allowed
item,minecraft:orange_stained_glass_pane,minecraft,true,false,MANIFEST_DEFAULT,no manifest entry - defaulting to allowed
item,minecraft:acacia_sapling,minecraft,true,false,MANIFEST_DEFAULT,no manifest entry - defaulting to allowed
item,minecraft:cow_spawn_egg,minecraft,true,false,MANIFEST_DEFAULT,no manifest entry - defaulting to allowed
item,minecraft:quartz_block,minecraft,true,false,MANIFEST_DEFAULT,no manifest entry - defaulting to allowed
item,minecraft:written_book,minecraft,true,false,MANIFEST_DEFAULT,no manifest entry - defaulting to allowed
item,minecraft:brick,minecraft,true,false,MANIFEST_DEFAULT,no manifest entry - defaulting to allowed
item,minecraft:enchanted_book,minecraft,true,false,MANIFEST_DEFAULT,no manifest entry - defaulting to allowed
item,minecraft:cobbled_deepslate,minecraft,true,false,MANIFEST_DEFAULT,no manifest entry - defaulting to allowed
item,minecraft:warped_fungus,minecraft,true,false,MANIFEST_DEFAULT,no manifest entry - defaulting to allowed
item,minecraft:music_disc_5,minecraft,true,false,MANIFEST_DEFAULT,no manifest entry - defaulting to allowed
item,minecraft:diamond_helmet,minecraft,true,false,MANIFEST_DEFAULT,no manifest entry - defaulting to allowed
item,minecraft:warped_fence,minecraft,true,false,MANIFEST_DEFAULT,no manifest entry - defaulting to allowed
item,minecraft:danger_pottery_sherd,minecraft,true,false,MANIFEST_DEFAULT,no manifest entry - defaulting to allowed
item,minecraft:bow,minecraft,true,false,MANIFEST_DEFAULT,no manifest entry - defaulting to allowed
item,minecraft:waxed_exposed_cut_copper,minecraft,true,false,MANIFEST_DEFAULT,no manifest entry - defaulting to allowed
item,minecraft:dark_oak_fence_gate,minecraft,true,false,MANIFEST_DEFAULT,no manifest entry - defaulting to allowed
item,minecraft:coal,minecraft,true,false,MANIFEST_DEFAULT,no manifest entry - defaulting to allowed
item,minecraft:rabbit_stew,minecraft,true,false,MANIFEST_DEFAULT,no manifest entry - defaulting to allowed
item,minecraft:dirt,minecraft,true,false,MANIFEST_DEFAULT,no manifest entry - defaulting to allowed
item,minecraft:compass,minecraft,true,false,MANIFEST_DEFAULT,no manifest entry - defaulting to allowed
item,minecraft:andesite_stairs,minecraft,true,false,MANIFEST_DEFAULT,no manifest entry - defaulting to allowed
item,minecraft:warden_spawn_egg,minecraft,true,false,MANIFEST_DEFAULT,no manifest entry - defaulting to allowed
item,minecraft:pink_concrete,minecraft,true,false,MANIFEST_DEFAULT,no manifest entry - defaulting to allowed
item,minecraft:item_frame,minecraft,true,false,MANIFEST_DEFAULT,no manifest entry - defaulting to allowed
item,minecraft:torchflower_seeds,minecraft,true,false,MANIFEST_DEFAULT,no manifest entry - defaulting to allowed
item,minecraft:music_disc_mellohi,minecraft,true,false,MANIFEST_DEFAULT,no manifest entry - defaulting to allowed
item,minecraft:jungle_slab,minecraft,true,false,MANIFEST_DEFAULT,no manifest entry - defaulting to allowed
item,minecraft:loom,minecraft,true,false,MANIFEST_DEFAULT,no manifest entry - defaulting to allowed
item,minecraft:birch_log,minecraft,true,false,MANIFEST_DEFAULT,no manifest entry - defaulting to allowed
item,minecraft:vex_spawn_egg,minecraft,true,false,MANIFEST_DEFAULT,no manifest entry - defaulting to allowed
item,minecraft:smoker,minecraft,true,false,MANIFEST_DEFAULT,no manifest entry - defaulting to allowed
item,minecraft:oak_leaves,minecraft,true,false,MANIFEST_DEFAULT,no manifest entry - defaulting to allowed
item,minecraft:skull_banner_pattern,minecraft,true,false,MANIFEST_DEFAULT,no manifest entry - defaulting to allowed
item,minecraft:dark_oak_boat,minecraft,true,false,MANIFEST_DEFAULT,no manifest entry - defaulting to allowed
item,minecraft:coast_armor_trim_smithing_template,minecraft,true,false,MANIFEST_DEFAULT,no manifest entry - defaulting to allowed
item,minecraft:arrow,minecraft,true,false,MANIFEST_DEFAULT,no manifest entry - defaulting to allowed
item,minecraft:dune_armor_trim_smithing_template,minecraft,true,false,MANIFEST_DEFAULT,no manifest entry - defaulting to allowed
item,minecraft:oak_fence_gate,minecraft,true,false,MANIFEST_DEFAULT,no manifest entry - defaulting to allowed
item,minecraft:green_shulker_box,minecraft,true,false,MANIFEST_DEFAULT,no manifest entry - defaulting to allowed
item,minecraft:prize_pottery_sherd,minecraft,true,false,MANIFEST_DEFAULT,no manifest entry - defaulting to allowed
item,minecraft:ice,minecraft,true,false,MANIFEST_DEFAULT,no manifest entry - defaulting to allowed
item,minecraft:mossy_stone_brick_wall,minecraft,true,false,MANIFEST_DEFAULT,no manifest entry - defaulting to allowed
item,minecraft:enchanted_golden_apple,minecraft,true,false,MANIFEST_DEFAULT,no manifest entry - defaulting to allowed
item,minecraft:brown_dye,minecraft,true,false,MANIFEST_DEFAULT,no manifest entry - defaulting to allowed
item,minecraft:granite,minecraft,true,false,MANIFEST_DEFAULT,no manifest entry - defaulting to allowed
item,minecraft:melon_seeds,minecraft,true,false,MANIFEST_DEFAULT,no manifest entry - defaulting to allowed
item,minecraft:bubble_coral_fan,minecraft,true,false,MANIFEST_DEFAULT,no manifest entry - defaulting to allowed
item,minecraft:command_block_minecart,minecraft,true,false,MANIFEST_DEFAULT,no manifest entry - defaulting to allowed
item,minecraft:brick_slab,minecraft,true,false,MANIFEST_DEFAULT,no manifest entry - defaulting to allowed
item,minecraft:salmon_bucket,minecraft,true,false,MANIFEST_DEFAULT,no manifest entry - defaulting to allowed
item,minecraft:blade_pottery_sherd,minecraft,true,false,MANIFEST_DEFAULT,no manifest entry - defaulting to allowed
item,minecraft:red_sandstone_stairs,minecraft,true,false,MANIFEST_DEFAULT,no manifest entry - defaulting to allowed
item,minecraft:cave_spider_spawn_egg,minecraft,true,false,MANIFEST_DEFAULT,no manifest entry - defaulting to allowed
item,minecraft:frog_spawn_egg,minecraft,true,false,MANIFEST_DEFAULT,no manifest entry - defaulting to allowed
item,minecraft:bundle,minecraft,true,false,MANIFEST_DEFAULT,no manifest entry - defaulting to allowed
item,minecraft:red_sandstone_slab,minecraft,true,false,MANIFEST_DEFAULT,no manifest entry - defaulting to allowed
item,minecraft:bricks,minecraft,true,false,MANIFEST_DEFAULT,no manifest entry - defaulting to allowed
item,minecraft:carved_pumpkin,minecraft,true,false,MANIFEST_DEFAULT,no manifest entry - defaulting to allowed
item,minecraft:gray_stained_glass_pane,minecraft,true,false,MANIFEST_DEFAULT,no manifest entry - defaulting to allowed
item,minecraft:gray_carpet,minecraft,true,false,MANIFEST_DEFAULT,no manifest entry - defaulting to allowed
item,minecraft:oxidized_cut_copper_stairs,minecraft,true,false,MANIFEST_DEFAULT,no manifest entry - defaulting to allowed
item,minecraft:green_wool,minecraft,true,false,MANIFEST_DEFAULT,no manifest entry - defaulting to allowed
item,minecraft:lily_pad,minecraft,true,false,MANIFEST_DEFAULT,no manifest entry - defaulting to allowed
item,minecraft:cod_spawn_egg,minecraft,true,false,MANIFEST_DEFAULT,no manifest entry - defaulting to allowed
item,minecraft:yellow_glazed_terracotta,minecraft,true,false,MANIFEST_DEFAULT,no manifest entry - defaulting to allowed
item,minecraft:spruce_log,minecraft,true,false,MANIFEST_DEFAULT,no manifest entry - defaulting to allowed
item,minecraft:mangrove_trapdoor,minecraft,true,false,MANIFEST_DEFAULT,no manifest entry - defaulting to allowed
item,minecraft:andesite,minecraft,true,false,MANIFEST_DEFAULT,no manifest entry - defaulting to allowed
item,minecraft:diamond_boots,minecraft,true,false,MANIFEST_DEFAULT,no manifest entry - defaulting to allowed
item,minecraft:yellow_dye,minecraft,true,false,MANIFEST_DEFAULT,no manifest entry - defaulting to allowed
item,minecraft:deepslate_tile_wall,minecraft,true,false,MANIFEST_DEFAULT,no manifest entry - defaulting to allowed
item,minecraft:crimson_hanging_sign,minecraft,true,false,MANIFEST_DEFAULT,no manifest entry - defaulting to allowed
item,minecraft:blue_shulker_box,minecraft,true,false,MANIFEST_DEFAULT,no manifest entry - defaulting to allowed
item,minecraft:polished_deepslate_stairs,minecraft,true,false,MANIFEST_DEFAULT,no manifest entry - defaulting to allowed
item,minecraft:exposed_cut_copper,minecraft,true,false,MANIFEST_DEFAULT,no manifest entry - defaulting to allowed
item,minecraft:lily_of_the_valley,minecraft,true,false,MANIFEST_DEFAULT,no manifest entry - defaulting to allowed
item,minecraft:polished_blackstone,minecraft,true,false,MANIFEST_DEFAULT,no manifest entry - defaulting to allowed
item,minecraft:mangrove_hanging_sign,minecraft,true,false,MANIFEST_DEFAULT,no manifest entry - defaulting to allowed
item,minecraft:pink_petals,minecraft,true,false,MANIFEST_DEFAULT,no manifest entry - defaulting to allowed
item,minecraft:stick,minecraft,true,false,MANIFEST_DEFAULT,no manifest entry - defaulting to allowed
item,minecraft:pointed_dripstone,minecraft,true,false,MANIFEST_DEFAULT,no manifest entry - defaulting to allowed
item,minecraft:red_nether_brick_stairs,minecraft,true,false,MANIFEST_DEFAULT,no manifest entry - defaulting to allowed
item,minecraft:dark_oak_stairs,minecraft,true,false,MANIFEST_DEFAULT,no manifest entry - defaulting to allowed
item,minecraft:jungle_pressure_plate,minecraft,true,false,MANIFEST_DEFAULT,no manifest entry - defaulting to allowed
item,minecraft:brewing_stand,minecraft,true,true,MANIFEST_DEFAULT,"manifest.json (remove, UNVERIFIED)"
item,minecraft:white_candle,minecraft,true,false,MANIFEST_DEFAULT,no manifest entry - defaulting to allowed
item,minecraft:netherrack,minecraft,true,false,MANIFEST_DEFAULT,no manifest entry - defaulting to allowed
item,minecraft:bamboo_mosaic_slab,minecraft,true,false,MANIFEST_DEFAULT,no manifest entry - defaulting to allowed
item,minecraft:host_armor_trim_smithing_template,minecraft,true,false,MANIFEST_DEFAULT,no manifest entry - defaulting to allowed
item,minecraft:red_tulip,minecraft,true,false,MANIFEST_DEFAULT,no manifest entry - defaulting to allowed
item,minecraft:tuff,minecraft,true,false,MANIFEST_DEFAULT,no manifest entry - defaulting to allowed
item,minecraft:villager_spawn_egg,minecraft,true,false,MANIFEST_DEFAULT,no manifest entry - defaulting to allowed
item,minecraft:emerald_ore,minecraft,true,false,MANIFEST_DEFAULT,no manifest entry - defaulting to allowed
item,minecraft:spire_armor_trim_smithing_template,minecraft,true,false,MANIFEST_DEFAULT,no manifest entry - defaulting to allowed
item,minecraft:polished_blackstone_brick_wall,minecraft,true,false,MANIFEST_DEFAULT,no manifest entry - defaulting to allowed
item,minecraft:stone_axe,minecraft,true,false,MANIFEST_DEFAULT,no manifest entry - defaulting to allowed
item,minecraft:dead_brain_coral,minecraft,true,false,MANIFEST_DEFAULT,no manifest entry - defaulting to allowed
item,minecraft:jungle_button,minecraft,true,false,MANIFEST_DEFAULT,no manifest entry - defaulting to allowed
item,minecraft:nautilus_shell,minecraft,true,false,MANIFEST_DEFAULT,no manifest entry - defaulting to allowed
item,minecraft:packed_ice,minecraft,true,false,MANIFEST_DEFAULT,no manifest entry - defaulting to allowed
item,minecraft:squid_spawn_egg,minecraft,true,false,MANIFEST_DEFAULT,no manifest entry - defaulting to allowed
item,minecraft:blaze_spawn_egg,minecraft,true,false,MANIFEST_DEFAULT,no manifest entry - defaulting to allowed
item,minecraft:stone,minecraft,true,false,MANIFEST_DEFAULT,no manifest entry - defaulting to allowed
item,minecraft:golden_carrot,minecraft,true,false,MANIFEST_DEFAULT,no manifest entry - defaulting to allowed
item,minecraft:blackstone_stairs,minecraft,true,false,MANIFEST_DEFAULT,no manifest entry - defaulting to allowed
item,minecraft:echo_shard,minecraft,true,false,MANIFEST_DEFAULT,no manifest entry - defaulting to allowed
item,minecraft:blue_banner,minecraft,true,false,MANIFEST_DEFAULT,no manifest entry - defaulting to allowed
item,minecraft:magenta_dye,minecraft,true,false,MANIFEST_DEFAULT,no manifest entry - defaulting to allowed
item,minecraft:glow_ink_sac,minecraft,true,false,MANIFEST_DEFAULT,no manifest entry - defaulting to allowed
item,minecraft:prismarine_wall,minecraft,true,false,MANIFEST_DEFAULT,no manifest entry - defaulting to allowed
item,minecraft:diamond_block,minecraft,true,false,MANIFEST_DEFAULT,no manifest entry - defaulting to allowed
item,minecraft:apple,minecraft,true,false,MANIFEST_DEFAULT,no manifest entry - defaulting to allowed
item,minecraft:powder_snow_bucket,minecraft,true,false,MANIFEST_DEFAULT,no manifest entry - defaulting to allowed
item,minecraft:piglin_banner_pattern,minecraft,true,false,MANIFEST_DEFAULT,no manifest entry - defaulting to allowed
item,minecraft:mangrove_log,minecraft,true,false,MANIFEST_DEFAULT,no manifest entry - defaulting to allowed
item,minecraft:diorite_slab,minecraft,true,false,MANIFEST_DEFAULT,no manifest entry - defaulting to allowed
item,minecraft:tube_coral_block,minecraft,true,false,MANIFEST_DEFAULT,no manifest entry - defaulting to allowed
item,minecraft:spruce_trapdoor,minecraft,true,false,MANIFEST_DEFAULT,no manifest entry - defaulting to allowed
item,minecraft:yellow_stained_glass,minecraft,true,false,MANIFEST_DEFAULT,no manifest entry - defaulting to allowed
item,minecraft:spider_eye,minecraft,true,false,MANIFEST_DEFAULT,no manifest entry - defaulting to allowed
item,minecraft:music_disc_otherside,minecraft,true,false,MANIFEST_DEFAULT,no manifest entry - defaulting to allowed
item,minecraft:light_blue_stained_glass,minecraft,true,false,MANIFEST_DEFAULT,no manifest entry - defaulting to allowed
item,minecraft:poppy,minecraft,true,false,MANIFEST_DEFAULT,no manifest entry - defaulting to allowed
item,minecraft:glowstone,minecraft,true,false,MANIFEST_DEFAULT,no manifest entry - defaulting to allowed
item,minecraft:respawn_anchor,minecraft,true,false,MANIFEST_DEFAULT,no manifest entry - defaulting to allowed
item,minecraft:pumpkin_seeds,minecraft,true,false,MANIFEST_DEFAULT,no manifest entry - defaulting to allowed
item,minecraft:ghast_spawn_egg,minecraft,true,false,MANIFEST_DEFAULT,no manifest entry - defaulting to allowed
item,minecraft:cobbled_deepslate_wall,minecraft,true,false,MANIFEST_DEFAULT,no manifest entry - defaulting to allowed
item,minecraft:deepslate_brick_slab,minecraft,true,false,MANIFEST_DEFAULT,no manifest entry - defaulting to allowed
item,minecraft:red_nether_brick_wall,minecraft,true,false,MANIFEST_DEFAULT,no manifest entry - defaulting to allowed
item,minecraft:oak_sapling,minecraft,true,false,MANIFEST_DEFAULT,no manifest entry - defaulting to allowed
item,minecraft:chiseled_red_sandstone,minecraft,true,false,MANIFEST_DEFAULT,no manifest entry - defaulting to allowed
item,minecraft:dark_oak_log,minecraft,true,false,MANIFEST_DEFAULT,no manifest entry - defaulting to allowed
item,minecraft:nether_brick_fence,minecraft,true,false,MANIFEST_DEFAULT,no manifest entry - defaulting to allowed
item,minecraft:allay_spawn_egg,minecraft,true,false,MANIFEST_DEFAULT,no manifest entry - defaulting to allowed
item,minecraft:friend_pottery_sherd,minecraft,true,false,MANIFEST_DEFAULT,no manifest entry - defaulting to allowed
item,minecraft:magma_cream,minecraft,true,false,MANIFEST_DEFAULT,no manifest entry - defaulting to allowed
item,minecraft:suspicious_sand,minecraft,true,false,MANIFEST_DEFAULT,no manifest entry - defaulting to allowed
item,minecraft:smooth_stone,minecraft,true,false,MANIFEST_DEFAULT,no manifest entry - defaulting to allowed
item,minecraft:blackstone_wall,minecraft,true,false,MANIFEST_DEFAULT,no manifest entry - defaulting to allowed
item,minecraft:cooked_mutton,minecraft,true,false,MANIFEST_DEFAULT,no manifest entry - defaulting to allowed
item,minecraft:copper_ore,minecraft,true,false,MANIFEST_DEFAULT,no manifest entry - defaulting to allowed
item,minecraft:bookshelf,minecraft,true,false,MANIFEST_DEFAULT,no manifest entry - defaulting to allowed
item,minecraft:dark_prismarine_stairs,minecraft,true,false,MANIFEST_DEFAULT,no manifest entry - defaulting to allowed
item,minecraft:light_gray_candle,minecraft,true,false,MANIFEST_DEFAULT,no manifest entry - defaulting to allowed
item,minecraft:lapis_block,minecraft,true,false,MANIFEST_DEFAULT,no manifest entry - defaulting to allowed
item,minecraft:purple_carpet,minecraft,true,false,MANIFEST_DEFAULT,no manifest entry - defaulting to allowed
item,minecraft:fire_coral_block,minecraft,true,false,MANIFEST_DEFAULT,no manifest entry - defaulting to allowed
item,minecraft:birch_chest_boat,minecraft,true,false,MANIFEST_DEFAULT,no manifest entry - defaulting to allowed
item,minecraft:zoglin_spawn_egg,minecraft,true,false,MANIFEST_DEFAULT,no manifest entry - defaulting to allowed
item,minecraft:brown_stained_glass_pane,minecraft,true,false,MANIFEST_DEFAULT,no manifest entry - defaulting to allowed
item,minecraft:black_terracotta,minecraft,true,false,MANIFEST_DEFAULT,no manifest entry - defaulting to allowed
item,minecraft:magenta_shulker_box,minecraft,true,false,MANIFEST_DEFAULT,no manifest entry - defaulting to allowed
item,minecraft:snow_block,minecraft,true,false,MANIFEST_DEFAULT,no manifest entry - defaulting to allowed
item,minecraft:cherry_sign,minecraft,true,false,MANIFEST_DEFAULT,no manifest entry - defaulting to allowed
item,minecraft:nether_wart,minecraft,true,false,MANIFEST_DEFAULT,no manifest entry - defaulting to allowed
item,minecraft:piglin_head,minecraft,true,false,MANIFEST_DEFAULT,no manifest entry - defaulting to allowed
item,minecraft:iron_axe,minecraft,true,false,MANIFEST_DEFAULT,no manifest entry - defaulting to allowed
item,minecraft:podzol,minecraft,true,false,MANIFEST_DEFAULT,no manifest entry - defaulting to allowed
item,minecraft:cyan_wool,minecraft,true,false,MANIFEST_DEFAULT,no manifest entry - defaulting to allowed
item,minecraft:sandstone_stairs,minecraft,true,false,MANIFEST_DEFAULT,no manifest entry - defaulting to allowed
item,minecraft:ender_eye,minecraft,true,true,MANIFEST_DEFAULT,"manifest.json (remove, UNVERIFIED)"
item,minecraft:composter,minecraft,true,false,MANIFEST_DEFAULT,no manifest entry - defaulting to allowed
item,minecraft:cactus,minecraft,true,false,MANIFEST_DEFAULT,no manifest entry - defaulting to allowed
item,minecraft:jukebox,minecraft,true,false,MANIFEST_DEFAULT,no manifest entry - defaulting to allowed
item,minecraft:light_gray_terracotta,minecraft,true,false,MANIFEST_DEFAULT,no manifest entry - defaulting to allowed
item,minecraft:white_bed,minecraft,true,false,MANIFEST_DEFAULT,no manifest entry - defaulting to allowed
item,minecraft:birch_slab,minecraft,true,false,MANIFEST_DEFAULT,no manifest entry - defaulting to allowed
item,minecraft:spruce_slab,minecraft,true,false,MANIFEST_DEFAULT,no manifest entry - defaulting to allowed
item,minecraft:skeleton_spawn_egg,minecraft,true,false,MANIFEST_DEFAULT,no manifest entry - defaulting to allowed
item,minecraft:witch_spawn_egg,minecraft,true,false,MANIFEST_DEFAULT,no manifest entry - defaulting to allowed
item,minecraft:peony,minecraft,true,false,MANIFEST_DEFAULT,no manifest entry - defaulting to allowed
item,minecraft:coarse_dirt,minecraft,true,false,MANIFEST_DEFAULT,no manifest entry - defaulting to allowed
item,minecraft:acacia_sign,minecraft,true,false,MANIFEST_DEFAULT,no manifest entry - defaulting to allowed
item,minecraft:chest_minecart,minecraft,true,false,MANIFEST_DEFAULT,no manifest entry - defaulting to allowed
item,minecraft:oak_boat,minecraft,true,false,MANIFEST_DEFAULT,no manifest entry - defaulting to allowed
item,minecraft:waxed_cut_copper_stairs,minecraft,true,false,MANIFEST_DEFAULT,no manifest entry - defaulting to allowed
item,minecraft:yellow_carpet,minecraft,true,false,MANIFEST_DEFAULT,no manifest entry - defaulting to allowed
item,minecraft:sea_lantern,minecraft,true,false,MANIFEST_DEFAULT,no manifest entry - defaulting to allowed
item,minecraft:dolphin_spawn_egg,minecraft,true,false,MANIFEST_DEFAULT,no manifest entry - defaulting to allowed
item,minecraft:dead_bush,minecraft,true,false,MANIFEST_DEFAULT,no manifest entry - defaulting to allowed
item,minecraft:green_candle,minecraft,true,false,MANIFEST_DEFAULT,no manifest entry - defaulting to allowed
item,minecraft:light_blue_shulker_box,minecraft,true,false,MANIFEST_DEFAULT,no manifest entry - defaulting to allowed
item,minecraft:prismarine_slab,minecraft,true,false,MANIFEST_DEFAULT,no manifest entry - defaulting to allowed
item,minecraft:exposed_cut_copper_stairs,minecraft,true,false,MANIFEST_DEFAULT,no manifest entry - defaulting to allowed
item,minecraft:obsidian,minecraft,true,false,MANIFEST_DEFAULT,no manifest entry - defaulting to allowed
item,minecraft:fermented_spider_eye,minecraft,true,false,MANIFEST_DEFAULT,no manifest entry - defaulting to allowed
item,minecraft:decorated_pot,minecraft,true,false,MANIFEST_DEFAULT,no manifest entry - defaulting to allowed
item,minecraft:light_gray_glazed_terracotta,minecraft,true,false,MANIFEST_DEFAULT,no manifest entry - defaulting to allowed
item,minecraft:evoker_spawn_egg,minecraft,true,false,MANIFEST_DEFAULT,no manifest entry - defaulting to allowed
item,minecraft:magenta_terracotta,minecraft,true,false,MANIFEST_DEFAULT,no manifest entry - defaulting to allowed
item,minecraft:turtle_egg,minecraft,true,false,MANIFEST_DEFAULT,no manifest entry - defaulting to allowed
item,minecraft:stone_hoe,minecraft,true,false,MANIFEST_DEFAULT,no manifest entry - defaulting to allowed
item,minecraft:jungle_boat,minecraft,true,false,MANIFEST_DEFAULT,no manifest entry - defaulting to allowed
item,minecraft:diamond_hoe,minecraft,true,false,MANIFEST_DEFAULT,no manifest entry - defaulting to allowed
item,minecraft:fox_spawn_egg,minecraft,true,false,MANIFEST_DEFAULT,no manifest entry - defaulting to allowed
item,minecraft:pumpkin_pie,minecraft,true,false,MANIFEST_DEFAULT,no manifest entry - defaulting to allowed
item,minecraft:stripped_mangrove_wood,minecraft,true,false,MANIFEST_DEFAULT,no manifest entry - defaulting to allowed
item,minecraft:farmland,minecraft,true,false,MANIFEST_DEFAULT,no manifest entry - defaulting to allowed
item,minecraft:jungle_fence,minecraft,true,false,MANIFEST_DEFAULT,no manifest entry - defaulting to allowed
item,minecraft:light_weighted_pressure_plate,minecraft,true,false,MANIFEST_DEFAULT,no manifest entry - defaulting to allowed
item,minecraft:cobbled_deepslate_slab,minecraft,true,false,MANIFEST_DEFAULT,no manifest entry - defaulting to allowed
item,minecraft:tide_armor_trim_smithing_template,minecraft,true,false,MANIFEST_DEFAULT,no manifest entry - defaulting to allowed
item,minecraft:chorus_flower,minecraft,true,false,MANIFEST_DEFAULT,no manifest entry - defaulting to allowed
item,minecraft:weathered_cut_copper,minecraft,true,false,MANIFEST_DEFAULT,no manifest entry - defaulting to allowed
item,minecraft:glass_bottle,minecraft,true,false,MANIFEST_DEFAULT,no manifest entry - defaulting to allowed
item,minecraft:shulker_shell,minecraft,true,false,MANIFEST_DEFAULT,no manifest entry - defaulting to allowed
item,minecraft:iron_door,minecraft,true,false,MANIFEST_DEFAULT,no manifest entry - defaulting to allowed
item,minecraft:purple_stained_glass_pane,minecraft,true,false,MANIFEST_DEFAULT,no manifest entry - defaulting to allowed
item,minecraft:polished_granite,minecraft,true,false,MANIFEST_DEFAULT,no manifest entry - defaulting to allowed
item,minecraft:cooked_beef,minecraft,true,false,MANIFEST_DEFAULT,no manifest entry - defaulting to allowed
item,minecraft:mud_brick_slab,minecraft,true,false,MANIFEST_DEFAULT,no manifest entry - defaulting to allowed
item,minecraft:hopper_minecart,minecraft,true,false,MANIFEST_DEFAULT,no manifest entry - defaulting to allowed
item,minecraft:blue_stained_glass_pane,minecraft,true,false,MANIFEST_DEFAULT,no manifest entry - defaulting to allowed
item,minecraft:oxidized_cut_copper,minecraft,true,false,MANIFEST_DEFAULT,no manifest entry - defaulting to allowed
item,minecraft:pink_banner,minecraft,true,false,MANIFEST_DEFAULT,no manifest entry - defaulting to allowed
item,minecraft:chiseled_quartz_block,minecraft,true,false,MANIFEST_DEFAULT,no manifest entry - defaulting to allowed
item,minecraft:soul_campfire,minecraft,true,false,MANIFEST_DEFAULT,no manifest entry - defaulting to allowed
item,minecraft:prismarine_shard,minecraft,true,false,MANIFEST_DEFAULT,no manifest entry - defaulting to allowed
item,minecraft:stripped_warped_hyphae,minecraft,true,false,MANIFEST_DEFAULT,no manifest entry - defaulting to allowed
item,minecraft:bamboo_button,minecraft,true,false,MANIFEST_DEFAULT,no manifest entry - defaulting to allowed
item,minecraft:brown_mushroom_block,minecraft,true,false,MANIFEST_DEFAULT,no manifest entry - defaulting to allowed
item,minecraft:crimson_door,minecraft,true,false,MANIFEST_DEFAULT,no manifest entry - defaulting to allowed
item,minecraft:disc_fragment_5,minecraft,true,false,MANIFEST_DEFAULT,no manifest entry - defaulting to allowed
item,minecraft:pink_wool,minecraft,true,false,MANIFEST_DEFAULT,no manifest entry - defaulting to allowed
item,minecraft:leather,minecraft,true,false,MANIFEST_DEFAULT,no manifest entry - defaulting to allowed
item,minecraft:dark_oak_sapling,minecraft,true,false,MANIFEST_DEFAULT,no manifest entry - defaulting to allowed
item,minecraft:cherry_trapdoor,minecraft,true,false,MANIFEST_DEFAULT,no manifest entry - defaulting to allowed
item,minecraft:cherry_hanging_sign,minecraft,true,false,MANIFEST_DEFAULT,no manifest entry - defaulting to allowed
item,minecraft:goat_spawn_egg,minecraft,true,false,MANIFEST_DEFAULT,no manifest entry - defaulting to allowed
item,minecraft:rabbit_foot,minecraft,true,false,MANIFEST_DEFAULT,no manifest entry - defaulting to allowed
item,minecraft:end_stone_bricks,minecraft,true,false,MANIFEST_DEFAULT,no manifest entry - defaulting to allowed
item,minecraft:elder_guardian_spawn_egg,minecraft,true,false,MANIFEST_DEFAULT,no manifest entry - defaulting to allowed
item,minecraft:oxidized_copper,minecraft,true,false,MANIFEST_DEFAULT,no manifest entry - defaulting to allowed
item,minecraft:acacia_trapdoor,minecraft,true,false,MANIFEST_DEFAULT,no manifest entry - defaulting to allowed
item,minecraft:end_stone,minecraft,true,true,MANIFEST_DEFAULT,"manifest.json (remove, UNVERIFIED)"
item,minecraft:blue_orchid,minecraft,true,false,MANIFEST_DEFAULT,no manifest entry - defaulting to allowed
item,minecraft:black_candle,minecraft,true,false,MANIFEST_DEFAULT,no manifest entry - defaulting to allowed
item,minecraft:light_gray_concrete_powder,minecraft,true,false,MANIFEST_DEFAULT,no manifest entry - defaulting to allowed
item,minecraft:pillager_spawn_egg,minecraft,true,false,MANIFEST_DEFAULT,no manifest entry - defaulting to allowed
item,minecraft:smooth_quartz_stairs,minecraft,true,false,MANIFEST_DEFAULT,no manifest entry - defaulting to allowed
item,minecraft:bee_spawn_egg,minecraft,true,false,MANIFEST_DEFAULT,no manifest entry - defaulting to allowed
item,minecraft:furnace,minecraft,true,false,MANIFEST_DEFAULT,no manifest entry - defaulting to allowed
item,minecraft:diorite_stairs,minecraft,true,false,MANIFEST_DEFAULT,no manifest entry - defaulting to allowed
item,minecraft:large_amethyst_bud,minecraft,true,false,MANIFEST_DEFAULT,no manifest entry - defaulting to allowed
item,minecraft:mangrove_pressure_plate,minecraft,true,false,MANIFEST_DEFAULT,no manifest entry - defaulting to allowed
item,minecraft:wandering_trader_spawn_egg,minecraft,true,false,MANIFEST_DEFAULT,no manifest entry - defaulting to allowed
item,minecraft:cracked_nether_bricks,minecraft,true,false,MANIFEST_DEFAULT,no manifest entry - defaulting to allowed
item,minecraft:command_block,minecraft,true,false,MANIFEST_DEFAULT,no manifest entry - defaulting to allowed
item,minecraft:crimson_fence_gate,minecraft,true,false,MANIFEST_DEFAULT,no manifest entry - defaulting to allowed
item,minecraft:dead_tube_coral_block,minecraft,true,false,MANIFEST_DEFAULT,no manifest entry - defaulting to allowed
item,minecraft:activator_rail,minecraft,true,false,MANIFEST_DEFAULT,no manifest entry - defaulting to allowed
item,minecraft:lime_dye,minecraft,true,false,MANIFEST_DEFAULT,no manifest entry - defaulting to allowed
item,minecraft:repeating_command_block,minecraft,true,false,MANIFEST_DEFAULT,no manifest entry - defaulting to allowed
item,minecraft:bamboo_hanging_sign,minecraft,true,false,MANIFEST_DEFAULT,no manifest entry - defaulting to allowed
item,minecraft:crimson_pressure_plate,minecraft,true,false,MANIFEST_DEFAULT,no manifest entry - defaulting to allowed
item,minecraft:medium_amethyst_bud,minecraft,true,false,MANIFEST_DEFAULT,no manifest entry - defaulting to allowed
item,minecraft:oak_planks,minecraft,true,false,MANIFEST_DEFAULT,no manifest entry - defaulting to allowed
item,minecraft:orange_candle,minecraft,true,false,MANIFEST_DEFAULT,no manifest entry - defaulting to allowed
item,minecraft:endermite_spawn_egg,minecraft,true,false,MANIFEST_DEFAULT,no manifest entry - defaulting to allowed
item,minecraft:globe_banner_pattern,minecraft,true,false,MANIFEST_DEFAULT,no manifest entry - defaulting to allowed
item,minecraft:white_shulker_box,minecraft,true,false,MANIFEST_DEFAULT,no manifest entry - defaulting to allowed
item,minecraft:debug_stick,minecraft,true,false,MANIFEST_DEFAULT,no manifest entry - defaulting to allowed
item,minecraft:warped_sign,minecraft,true,false,MANIFEST_DEFAULT,no manifest entry - defaulting to allowed
item,minecraft:pufferfish_spawn_egg,minecraft,true,false,MANIFEST_DEFAULT,no manifest entry - defaulting to allowed
item,minecraft:grass,minecraft,true,false,MANIFEST_DEFAULT,no manifest entry - defaulting to allowed
item,minecraft:soul_soil,minecraft,true,false,MANIFEST_DEFAULT,no manifest entry - defaulting to allowed
item,minecraft:miner_pottery_sherd,minecraft,true,false,MANIFEST_DEFAULT,no manifest entry - defaulting to allowed
item,minecraft:rib_armor_trim_smithing_template,minecraft,true,false,MANIFEST_DEFAULT,no manifest entry - defaulting to allowed
item,minecraft:mangrove_door,minecraft,true,false,MANIFEST_DEFAULT,no manifest entry - defaulting to allowed
item,minecraft:cherry_stairs,minecraft,true,false,MANIFEST_DEFAULT,no manifest entry - defaulting to allowed
item,minecraft:pitcher_plant,minecraft,true,false,MANIFEST_DEFAULT,no manifest entry - defaulting to allowed
item,minecraft:purple_dye,minecraft,true,false,MANIFEST_DEFAULT,no manifest entry - defaulting to allowed
item,minecraft:gilded_blackstone,minecraft,true,false,MANIFEST_DEFAULT,no manifest entry - defaulting to allowed
item,minecraft:red_sandstone,minecraft,true,false,MANIFEST_DEFAULT,no manifest entry - defaulting to allowed
item,minecraft:stone_brick_wall,minecraft,true,false,MANIFEST_DEFAULT,no manifest entry - defaulting to allowed
item,minecraft:netherite_scrap,minecraft,true,false,MANIFEST_DEFAULT,no manifest entry - defaulting to allowed
item,minecraft:iron_pickaxe,minecraft,true,false,MANIFEST_DEFAULT,no manifest entry - defaulting to allowed
item,minecraft:quartz_slab,minecraft,true,false,MANIFEST_DEFAULT,no manifest entry - defaulting to allowed
item,minecraft:egg,minecraft,true,false,MANIFEST_DEFAULT,no manifest entry - defaulting to allowed
item,minecraft:ender_pearl,minecraft,true,false,MANIFEST_DEFAULT,no manifest entry - defaulting to allowed
item,minecraft:cut_sandstone,minecraft,true,false,MANIFEST_DEFAULT,no manifest entry - defaulting to allowed
item,minecraft:bamboo_sign,minecraft,true,false,MANIFEST_DEFAULT,no manifest entry - defaulting to allowed
item,minecraft:magma_cube_spawn_egg,minecraft,true,false,MANIFEST_DEFAULT,no manifest entry - defaulting to allowed
item,minecraft:spider_spawn_egg,minecraft,true,false,MANIFEST_DEFAULT,no manifest entry - defaulting to allowed
item,minecraft:verdant_froglight,minecraft,true,false,MANIFEST_DEFAULT,no manifest entry - defaulting to allowed
item,minecraft:fern,minecraft,true,false,MANIFEST_DEFAULT,no manifest entry - defaulting to allowed
item,minecraft:spruce_button,minecraft,true,false,MANIFEST_DEFAULT,no manifest entry - defaulting to allowed
item,minecraft:shroomlight,minecraft,true,false,MANIFEST_DEFAULT,no manifest entry - defaulting to allowed
item,minecraft:flowering_azalea,minecraft,true,false,MANIFEST_DEFAULT,no manifest entry - defaulting to allowed
item,minecraft:panda_spawn_egg,minecraft,true,false,MANIFEST_DEFAULT,no manifest entry - defaulting to allowed
item,minecraft:infested_cobblestone,minecraft,true,false,MANIFEST_DEFAULT,no manifest entry - defaulting to allowed
item,minecraft:carrot,minecraft,true,false,MANIFEST_DEFAULT,no manifest entry - defaulting to allowed
item,minecraft:nether_brick_slab,minecraft,true,false,MANIFEST_DEFAULT,no manifest entry - defaulting to allowed
item,minecraft:beetroot_seeds,minecraft,true,false,MANIFEST_DEFAULT,no manifest entry - defaulting to allowed
item,minecraft:cyan_dye,minecraft,true,false,MANIFEST_DEFAULT,no manifest entry - defaulting to allowed
item,minecraft:gold_ore,minecraft,true,false,MANIFEST_DEFAULT,no manifest entry - defaulting to allowed
item,minecraft:pufferfish,minecraft,true,false,MANIFEST_DEFAULT,no manifest entry - defaulting to allowed
item,minecraft:twisting_vines,minecraft,true,false,MANIFEST_DEFAULT,no manifest entry - defaulting to allowed
item,minecraft:deepslate_tiles,minecraft,true,false,MANIFEST_DEFAULT,no manifest entry - defaulting to allowed
item,minecraft:orange_terracotta,minecraft,true,false,MANIFEST_DEFAULT,no manifest entry - defaulting to allowed
item,minecraft:bamboo_fence,minecraft,true,false,MANIFEST_DEFAULT,no manifest entry - defaulting to allowed
item,minecraft:enchanting_table,minecraft,true,true,MANIFEST_DEFAULT,"manifest.json (remove, UNVERIFIED)"
item,minecraft:white_glazed_terracotta,minecraft,true,false,MANIFEST_DEFAULT,no manifest entry - defaulting to allowed
item,minecraft:red_glazed_terracotta,minecraft,true,false,MANIFEST_DEFAULT,no manifest entry - defaulting to allowed
item,minecraft:lead,minecraft,true,false,MANIFEST_DEFAULT,no manifest entry - defaulting to allowed
item,minecraft:gold_block,minecraft,true,false,MANIFEST_DEFAULT,no manifest entry - defaulting to allowed
item,minecraft:spruce_boat,minecraft,true,false,MANIFEST_DEFAULT,no manifest entry - defaulting to allowed
item,minecraft:birch_boat,minecraft,true,false,MANIFEST_DEFAULT,no manifest entry - defaulting to allowed
item,minecraft:polished_diorite_stairs,minecraft,true,false,MANIFEST_DEFAULT,no manifest entry - defaulting to allowed
item,minecraft:deepslate_diamond_ore,minecraft,true,false,MANIFEST_DEFAULT,no manifest entry - defaulting to allowed
item,minecraft:observer,minecraft,true,false,MANIFEST_DEFAULT,no manifest entry - defaulting to allowed
item,minecraft:polished_deepslate_wall,minecraft,true,false,MANIFEST_DEFAULT,no manifest entry - defaulting to allowed
item,minecraft:paper,minecraft,true,false,MANIFEST_DEFAULT,no manifest entry - defaulting to allowed
item,minecraft:campfire,minecraft,true,false,MANIFEST_DEFAULT,no manifest entry - defaulting to allowed
item,minecraft:cherry_wood,minecraft,true,false,MANIFEST_DEFAULT,no manifest entry - defaulting to allowed
item,minecraft:dark_oak_slab,minecraft,true,false,MANIFEST_DEFAULT,no manifest entry - defaulting to allowed
item,minecraft:lime_glazed_terracotta,minecraft,true,false,MANIFEST_DEFAULT,no manifest entry - defaulting to allowed
item,minecraft:jungle_log,minecraft,true,false,MANIFEST_DEFAULT,no manifest entry - defaulting to allowed
item,minecraft:packed_mud,minecraft,true,false,MANIFEST_DEFAULT,no manifest entry - defaulting to allowed
item,minecraft:dragon_egg,minecraft,true,false,MANIFEST_DEFAULT,no manifest entry - defaulting to allowed
item,minecraft:barrier,minecraft,true,false,MANIFEST_DEFAULT,no manifest entry - defaulting to allowed
item,minecraft:axolotl_spawn_egg,minecraft,true,false,MANIFEST_DEFAULT,no manifest entry - defaulting to allowed
item,minecraft:brick_stairs,minecraft,true,false,MANIFEST_DEFAULT,no manifest entry - defaulting to allowed
item,minecraft:lime_stained_glass,minecraft,true,false,MANIFEST_DEFAULT,no manifest entry - defaulting to allowed
item,minecraft:orange_shulker_box,minecraft,true,false,MANIFEST_DEFAULT,no manifest entry - defaulting to allowed
item,minecraft:stripped_spruce_wood,minecraft,true,false,MANIFEST_DEFAULT,no manifest entry - defaulting to allowed
item,minecraft:snow_golem_spawn_egg,minecraft,true,false,MANIFEST_DEFAULT,no manifest entry - defaulting to allowed
item,minecraft:acacia_wood,minecraft,true,false,MANIFEST_DEFAULT,no manifest entry - defaulting to allowed
item,minecraft:cherry_fence_gate,minecraft,true,false,MANIFEST_DEFAULT,no manifest entry - defaulting to allowed
item,minecraft:stripped_jungle_wood,minecraft,true,false,MANIFEST_DEFAULT,no manifest entry - defaulting to allowed
item,minecraft:coal_ore,minecraft,true,false,MANIFEST_DEFAULT,no manifest entry - defaulting to allowed
item,minecraft:bucket,minecraft,true,false,MANIFEST_DEFAULT,no manifest entry - defaulting to allowed
item,minecraft:cut_red_sandstone_slab,minecraft,true,false,MANIFEST_DEFAULT,no manifest entry - defaulting to allowed
item,minecraft:polished_andesite,minecraft,true,false,MANIFEST_DEFAULT,no manifest entry - defaulting to allowed
item,minecraft:mud,minecraft,true,false,MANIFEST_DEFAULT,no manifest entry - defaulting to allowed
item,minecraft:black_stained_glass,minecraft,true,false,MANIFEST_DEFAULT,no manifest entry - defaulting to allowed
block,minecraft:dark_oak_button,minecraft,true,false,MANIFEST_DEFAULT,no manifest entry - defaulting to allowed
block,minecraft:wall_torch,minecraft,true,false,MANIFEST_DEFAULT,no manifest entry - defaulting to allowed
block,minecraft:structure_block,minecraft,true,false,MANIFEST_DEFAULT,no manifest entry - defaulting to allowed
block,minecraft:polished_blackstone_brick_slab,minecraft,true,false,MANIFEST_DEFAULT,no manifest entry - defaulting to allowed
block,minecraft:cherry_sapling,minecraft,true,false,MANIFEST_DEFAULT,no manifest entry - defaulting to allowed
block,minecraft:basalt,minecraft,true,false,MANIFEST_DEFAULT,no manifest entry - defaulting to allowed
block,minecraft:chiseled_deepslate,minecraft,true,false,MANIFEST_DEFAULT,no manifest entry - defaulting to allowed
block,minecraft:gray_candle,minecraft,true,false,MANIFEST_DEFAULT,no manifest entry - defaulting to allowed
block,minecraft:brown_mushroom,minecraft,true,false,MANIFEST_DEFAULT,no manifest entry - defaulting to allowed
block,minecraft:red_wool,minecraft,true,false,MANIFEST_DEFAULT,no manifest entry - defaulting to allowed
block,minecraft:stripped_dark_oak_wood,minecraft,true,false,MANIFEST_DEFAULT,no manifest entry - defaulting to allowed
block,minecraft:stonecutter,minecraft,true,false,MANIFEST_DEFAULT,no manifest entry - defaulting to allowed
block,minecraft:soul_torch,minecraft,true,false,MANIFEST_DEFAULT,no manifest entry - defaulting to allowed
block,minecraft:potted_white_tulip,minecraft,true,false,MANIFEST_DEFAULT,no manifest entry - defaulting to allowed
block,minecraft:nether_gold_ore,minecraft,true,false,MANIFEST_DEFAULT,no manifest entry - defaulting to allowed
block,minecraft:bone_block,minecraft,true,false,MANIFEST_DEFAULT,no manifest entry - defaulting to allowed
block,minecraft:black_concrete,minecraft,true,false,MANIFEST_DEFAULT,no manifest entry - defaulting to allowed
block,minecraft:melon,minecraft,true,false,MANIFEST_DEFAULT,"manifest.json (keep, added b1.8, verified)"
block,minecraft:bamboo_wall_sign,minecraft,true,false,MANIFEST_DEFAULT,no manifest entry - defaulting to allowed
block,minecraft:birch_fence,minecraft,true,false,MANIFEST_DEFAULT,no manifest entry - defaulting to allowed
block,minecraft:cracked_deepslate_tiles,minecraft,true,false,MANIFEST_DEFAULT,no manifest entry - defaulting to allowed
block,minecraft:red_nether_brick_slab,minecraft,true,false,MANIFEST_DEFAULT,no manifest entry - defaulting to allowed
block,minecraft:deepslate_gold_ore,minecraft,true,false,MANIFEST_DEFAULT,no manifest entry - defaulting to allowed
block,minecraft:tall_grass,minecraft,true,false,MANIFEST_DEFAULT,no manifest entry - defaulting to allowed
block,minecraft:warped_fence_gate,minecraft,true,false,MANIFEST_DEFAULT,no manifest entry - defaulting to allowed
block,minecraft:cornflower,minecraft,true,false,MANIFEST_DEFAULT,no manifest entry - defaulting to allowed
block,minecraft:red_mushroom,minecraft,true,false,MANIFEST_DEFAULT,no manifest entry - defaulting to allowed
block,minecraft:red_mushroom_block,minecraft,true,false,MANIFEST_DEFAULT,"manifest.json (keep, added b1.8, verified)"
block,minecraft:nether_wart_block,minecraft,true,false,MANIFEST_DEFAULT,no manifest entry - defaulting to allowed
block,minecraft:bamboo_fence_gate,minecraft,true,false,MANIFEST_DEFAULT,no manifest entry - defaulting to allowed
block,minecraft:dead_brain_coral_wall_fan,minecraft,true,false,MANIFEST_DEFAULT,no manifest entry - defaulting to allowed
block,minecraft:magenta_banner,minecraft,true,false,MANIFEST_DEFAULT,no manifest entry - defaulting to allowed
block,minecraft:green_concrete,minecraft,true,false,MANIFEST_DEFAULT,no manifest entry - defaulting to allowed
block,minecraft:cobblestone_wall,minecraft,true,false,MANIFEST_DEFAULT,no manifest entry - defaulting to allowed
block,minecraft:magenta_wool,minecraft,true,false,MANIFEST_DEFAULT,no manifest entry - defaulting to allowed
block,minecraft:lime_stained_glass_pane,minecraft,true,false,MANIFEST_DEFAULT,no manifest entry - defaulting to allowed
block,minecraft:mangrove_fence_gate,minecraft,true,false,MANIFEST_DEFAULT,no manifest entry - defaulting to allowed
block,minecraft:warped_pressure_plate,minecraft,true,false,MANIFEST_DEFAULT,no manifest entry - defaulting to allowed
block,minecraft:waxed_cut_copper_slab,minecraft,true,false,MANIFEST_DEFAULT,no manifest entry - defaulting to allowed
block,minecraft:coal_block,minecraft,true,false,MANIFEST_DEFAULT,no manifest entry - defaulting to allowed
block,minecraft:large_fern,minecraft,true,false,MANIFEST_DEFAULT,no manifest entry - defaulting to allowed
block,minecraft:soul_fire,minecraft,true,false,MANIFEST_DEFAULT,no manifest entry - defaulting to allowed
block,minecraft:black_wool,minecraft,true,false,MANIFEST_DEFAULT,no manifest entry - defaulting to allowed
block,minecraft:oak_wall_sign,minecraft,true,false,MANIFEST_DEFAULT,no manifest entry - defaulting to allowed
block,minecraft:mangrove_button,minecraft,true,false,MANIFEST_DEFAULT,no manifest entry - defaulting to allowed
block,minecraft:spruce_fence_gate,minecraft,true,false,MANIFEST_DEFAULT,no manifest entry - defaulting to allowed
block,minecraft:spruce_sapling,minecraft,true,false,MANIFEST_DEFAULT,no manifest entry - defaulting to allowed
block,minecraft:yellow_bed,minecraft,true,false,MANIFEST_DEFAULT,no manifest entry - defaulting to allowed
block,minecraft:iron_block,minecraft,true,false,MANIFEST_DEFAULT,no manifest entry - defaulting to allowed
block,minecraft:beehive,minecraft,true,false,MANIFEST_DEFAULT,no manifest entry - defaulting to allowed
block,minecraft:spruce_sign,minecraft,true,false,MANIFEST_DEFAULT,no manifest entry - defaulting to allowed
block,minecraft:dead_tube_coral_fan,minecraft,true,false,MANIFEST_DEFAULT,no manifest entry - defaulting to allowed
block,minecraft:dark_oak_door,minecraft,true,false,MANIFEST_DEFAULT,no manifest entry - defaulting to allowed
block,minecraft:blackstone,minecraft,true,false,MANIFEST_DEFAULT,no manifest entry - defaulting to allowed
block,minecraft:lapis_ore,minecraft,true,false,MANIFEST_DEFAULT,no manifest entry - defaulting to allowed
block,minecraft:gravel,minecraft,true,false,MANIFEST_DEFAULT,no manifest entry - defaulting to allowed
block,minecraft:big_dripleaf,minecraft,true,false,MANIFEST_DEFAULT,no manifest entry - defaulting to allowed
block,minecraft:tripwire,minecraft,true,false,MANIFEST_DEFAULT,no manifest entry - defaulting to allowed
block,minecraft:birch_wood,minecraft,true,false,MANIFEST_DEFAULT,no manifest entry - defaulting to allowed
block,minecraft:potted_warped_fungus,minecraft,true,false,MANIFEST_DEFAULT,no manifest entry - defaulting to allowed
block,minecraft:birch_sapling,minecraft,true,false,MANIFEST_DEFAULT,no manifest entry - defaulting to allowed
block,minecraft:light_blue_bed,minecraft,true,false,MANIFEST_DEFAULT,no manifest entry - defaulting to allowed
block,minecraft:oak_wall_hanging_sign,minecraft,true,false,MANIFEST_DEFAULT,no manifest entry - defaulting to allowed
block,minecraft:bamboo_mosaic,minecraft,true,false,MANIFEST_DEFAULT,no manifest entry - defaulting to allowed
block,minecraft:oak_wood,minecraft,true,false,MANIFEST_DEFAULT,no manifest entry - defaulting to allowed
block,minecraft:scaffolding,minecraft,true,false,MANIFEST_DEFAULT,no manifest entry - defaulting to allowed
block,minecraft:emerald_block,minecraft,true,false,MANIFEST_DEFAULT,no manifest entry - defaulting to allowed
block,minecraft:crimson_fungus,minecraft,true,false,MANIFEST_DEFAULT,no manifest entry - defaulting to allowed
block,minecraft:flower_pot,minecraft,true,false,MANIFEST_DEFAULT,no manifest entry - defaulting to allowed
block,minecraft:chiseled_nether_bricks,minecraft,true,false,MANIFEST_DEFAULT,no manifest entry - defaulting to allowed
block,minecraft:cocoa,minecraft,true,false,MANIFEST_DEFAULT,no manifest entry - defaulting to allowed
block,minecraft:acacia_button,minecraft,true,false,MANIFEST_DEFAULT,no manifest entry - defaulting to allowed
block,minecraft:potted_red_mushroom,minecraft,true,false,MANIFEST_DEFAULT,no manifest entry - defaulting to allowed
block,minecraft:magenta_stained_glass_pane,minecraft,true,false,MANIFEST_DEFAULT,no manifest entry - defaulting to allowed
block,minecraft:copper_block,minecraft,true,false,MANIFEST_DEFAULT,no manifest entry - defaulting to allowed
block,minecraft:amethyst_cluster,minecraft,true,false,MANIFEST_DEFAULT,no manifest entry - defaulting to allowed
block,minecraft:nether_brick_stairs,minecraft,true,false,MANIFEST_DEFAULT,no manifest entry - defaulting to allowed
block,minecraft:purple_candle,minecraft,true,false,MANIFEST_DEFAULT,no manifest entry - defaulting to allowed
block,minecraft:potted_flowering_azalea_bush,minecraft,true,false,MANIFEST_DEFAULT,no manifest entry - defaulting to allowed
block,minecraft:brain_coral_fan,minecraft,true,false,MANIFEST_DEFAULT,no manifest entry - defaulting to allowed
block,minecraft:lilac,minecraft,true,false,MANIFEST_DEFAULT,no manifest entry - defaulting to allowed
block,minecraft:purple_wool,minecraft,true,false,MANIFEST_DEFAULT,no manifest entry - defaulting to allowed
block,minecraft:magenta_bed,minecraft,true,false,MANIFEST_DEFAULT,no manifest entry - defaulting to allowed
block,minecraft:nether_sprouts,minecraft,true,false,MANIFEST_DEFAULT,no manifest entry - defaulting to allowed
block,minecraft:spruce_wood,minecraft,true,false,MANIFEST_DEFAULT,no manifest entry - defaulting to allowed
block,minecraft:green_stained_glass,minecraft,true,false,MANIFEST_DEFAULT,no manifest entry - defaulting to allowed
block,minecraft:spruce_fence,minecraft,true,false,MANIFEST_DEFAULT,no manifest entry - defaulting to allowed
block,minecraft:cherry_fence,minecraft,true,false,MANIFEST_DEFAULT,no manifest entry - defaulting to allowed
block,minecraft:diamond_ore,minecraft,true,false,MANIFEST_DEFAULT,no manifest entry - defaulting to allowed
block,minecraft:mossy_stone_brick_slab,minecraft,true,false,MANIFEST_DEFAULT,no manifest entry - defaulting to allowed
block,minecraft:andesite_slab,minecraft,true,false,MANIFEST_DEFAULT,no manifest entry - defaulting to allowed
block,minecraft:dark_prismarine_slab,minecraft,true,false,MANIFEST_DEFAULT,no manifest entry - defaulting to allowed
block,minecraft:dragon_head,minecraft,true,false,MANIFEST_DEFAULT,no manifest entry - defaulting to allowed
block,minecraft:honey_block,minecraft,true,false,MANIFEST_DEFAULT,no manifest entry - defaulting to allowed
block,minecraft:bamboo_planks,minecraft,true,false,MANIFEST_DEFAULT,no manifest entry - defaulting to allowed
block,minecraft:sugar_cane,minecraft,true,false,MANIFEST_DEFAULT,no manifest entry - defaulting to allowed
block,minecraft:flowering_azalea_leaves,minecraft,true,false,MANIFEST_DEFAULT,no manifest entry - defaulting to allowed
block,minecraft:pink_glazed_terracotta,minecraft,true,false,MANIFEST_DEFAULT,no manifest entry - defaulting to allowed
block,minecraft:pink_terracotta,minecraft,true,false,MANIFEST_DEFAULT,no manifest entry - defaulting to allowed
block,minecraft:black_shulker_box,minecraft,true,false,MANIFEST_DEFAULT,no manifest entry - defaulting to allowed
block,minecraft:waxed_exposed_cut_copper_stairs,minecraft,true,false,MANIFEST_DEFAULT,no manifest entry - defaulting to allowed
block,minecraft:orange_stained_glass,minecraft,true,false,MANIFEST_DEFAULT,no manifest entry - defaulting to allowed
block,minecraft:exposed_cut_copper_slab,minecraft,true,false,MANIFEST_DEFAULT,no manifest entry - defaulting to allowed
block,minecraft:magenta_concrete,minecraft,true,false,MANIFEST_DEFAULT,no manifest entry - defaulting to allowed
block,minecraft:polished_blackstone_wall,minecraft,true,false,MANIFEST_DEFAULT,no manifest entry - defaulting to allowed
block,minecraft:cobblestone_stairs,minecraft,true,false,MANIFEST_DEFAULT,no manifest entry - defaulting to allowed
block,minecraft:cut_sandstone_slab,minecraft,true,false,MANIFEST_DEFAULT,no manifest entry - defaulting to allowed
block,minecraft:smooth_red_sandstone_slab,minecraft,true,false,MANIFEST_DEFAULT,no manifest entry - defaulting to allowed
block,minecraft:candle_cake,minecraft,true,false,MANIFEST_DEFAULT,no manifest entry - defaulting to allowed
block,minecraft:end_gateway,minecraft,true,false,MANIFEST_DEFAULT,no manifest entry - defaulting to allowed
block,minecraft:bamboo_pressure_plate,minecraft,true,false,MANIFEST_DEFAULT,no manifest entry - defaulting to allowed
block,minecraft:cherry_door,minecraft,true,false,MANIFEST_DEFAULT,no manifest entry - defaulting to allowed
block,minecraft:small_dripleaf,minecraft,true,false,MANIFEST_DEFAULT,no manifest entry - defaulting to allowed
block,minecraft:birch_trapdoor,minecraft,true,false,MANIFEST_DEFAULT,no manifest entry - defaulting to allowed
block,minecraft:weathered_cut_copper_slab,minecraft,true,false,MANIFEST_DEFAULT,no manifest entry - defaulting to allowed
block,minecraft:lime_wall_banner,minecraft,true,false,MANIFEST_DEFAULT,no manifest entry - defaulting to allowed
block,minecraft:acacia_door,minecraft,true,false,MANIFEST_DEFAULT,no manifest entry - defaulting to allowed
block,minecraft:mangrove_wood,minecraft,true,false,MANIFEST_DEFAULT,no manifest entry - defaulting to allowed
block,minecraft:green_wall_banner,minecraft,true,false,MANIFEST_DEFAULT,no manifest entry - defaulting to allowed
block,minecraft:redstone_ore,minecraft,true,false,MANIFEST_DEFAULT,no manifest entry - defaulting to allowed
block,minecraft:polished_basalt,minecraft,true,false,MANIFEST_DEFAULT,no manifest entry - defaulting to allowed
block,minecraft:prismarine_stairs,minecraft,true,false,MANIFEST_DEFAULT,no manifest entry - defaulting to allowed
block,minecraft:stripped_bamboo_block,minecraft,true,false,MANIFEST_DEFAULT,no manifest entry - defaulting to allowed
block,minecraft:bamboo_wall_hanging_sign,minecraft,true,false,MANIFEST_DEFAULT,no manifest entry - defaulting to allowed
block,minecraft:cyan_concrete_powder,minecraft,true,false,MANIFEST_DEFAULT,no manifest entry - defaulting to allowed
block,minecraft:conduit,minecraft,true,false,MANIFEST_DEFAULT,no manifest entry - defaulting to allowed
block,minecraft:sand,minecraft,true,false,MANIFEST_DEFAULT,no manifest entry - defaulting to allowed
block,minecraft:potted_spruce_sapling,minecraft,true,false,MANIFEST_DEFAULT,no manifest entry - defaulting to allowed
block,minecraft:polished_granite_slab,minecraft,true,false,MANIFEST_DEFAULT,no manifest entry - defaulting to allowed
block,minecraft:acacia_log,minecraft,true,false,MANIFEST_DEFAULT,no manifest entry - defaulting to allowed
block,minecraft:light_blue_concrete,minecraft,true,false,MANIFEST_DEFAULT,no manifest entry - defaulting to allowed
block,minecraft:brain_coral_wall_fan,minecraft,true,false,MANIFEST_DEFAULT,no manifest entry - defaulting to allowed
block,minecraft:sticky_piston,minecraft,true,false,MANIFEST_DEFAULT,no manifest entry - defaulting to allowed
block,minecraft:gray_concrete,minecraft,true,false,MANIFEST_DEFAULT,no manifest entry - defaulting to allowed
block,minecraft:dead_tube_coral_wall_fan,minecraft,true,false,MANIFEST_DEFAULT,no manifest entry - defaulting to allowed
block,minecraft:blue_glazed_terracotta,minecraft,true,false,MANIFEST_DEFAULT,no manifest entry - defaulting to allowed
block,minecraft:jigsaw,minecraft,true,false,MANIFEST_DEFAULT,no manifest entry - defaulting to allowed
block,minecraft:stripped_spruce_log,minecraft,true,false,MANIFEST_DEFAULT,no manifest entry - defaulting to allowed
block,minecraft:polished_andesite_slab,minecraft,true,false,MANIFEST_DEFAULT,no manifest entry - defaulting to allowed
block,minecraft:cherry_planks,minecraft,true,false,MANIFEST_DEFAULT,no manifest entry - defaulting to allowed
block,minecraft:powered_rail,minecraft,true,false,MANIFEST_DEFAULT,no manifest entry - defaulting to allowed
block,minecraft:kelp_plant,minecraft,true,false,MANIFEST_DEFAULT,no manifest entry - defaulting to allowed
block,minecraft:potted_fern,minecraft,true,false,MANIFEST_DEFAULT,no manifest entry - defaulting to allowed
block,minecraft:potted_cornflower,minecraft,true,false,MANIFEST_DEFAULT,no manifest entry - defaulting to allowed
block,minecraft:warped_hanging_sign,minecraft,true,false,MANIFEST_DEFAULT,no manifest entry - defaulting to allowed
block,minecraft:green_concrete_powder,minecraft,true,false,MANIFEST_DEFAULT,no manifest entry - defaulting to allowed
block,minecraft:horn_coral_wall_fan,minecraft,true,false,MANIFEST_DEFAULT,no manifest entry - defaulting to allowed
block,minecraft:oak_stairs,minecraft,true,false,MANIFEST_DEFAULT,no manifest entry - defaulting to allowed
block,minecraft:potted_red_tulip,minecraft,true,false,MANIFEST_DEFAULT,no manifest entry - defaulting to allowed
block,minecraft:cracked_deepslate_bricks,minecraft,true,false,MANIFEST_DEFAULT,no manifest entry - defaulting to allowed
block,minecraft:stone_button,minecraft,true,false,MANIFEST_DEFAULT,no manifest entry - defaulting to allowed
block,minecraft:potted_cherry_sapling,minecraft,true,false,MANIFEST_DEFAULT,no manifest entry - defaulting to allowed
block,minecraft:horn_coral_fan,minecraft,true,false,MANIFEST_DEFAULT,no manifest entry - defaulting to allowed
block,minecraft:polished_blackstone_brick_stairs,minecraft,true,false,MANIFEST_DEFAULT,no manifest entry - defaulting to allowed
block,minecraft:brown_stained_glass,minecraft,true,false,MANIFEST_DEFAULT,no manifest entry - defaulting to allowed
block,minecraft:pink_shulker_box,minecraft,true,false,MANIFEST_DEFAULT,no manifest entry - defaulting to allowed
block,minecraft:warped_roots,minecraft,true,false,MANIFEST_DEFAULT,no manifest entry - defaulting to allowed
block,minecraft:tinted_glass,minecraft,true,false,MANIFEST_DEFAULT,no manifest entry - defaulting to allowed
block,minecraft:blue_terracotta,minecraft,true,false,MANIFEST_DEFAULT,no manifest entry - defaulting to allowed
block,minecraft:yellow_candle,minecraft,true,false,MANIFEST_DEFAULT,no manifest entry - defaulting to allowed
block,minecraft:stripped_oak_wood,minecraft,true,false,MANIFEST_DEFAULT,no manifest entry - defaulting to allowed
block,minecraft:sandstone,minecraft,true,false,MANIFEST_DEFAULT,no manifest entry - defaulting to allowed
block,minecraft:yellow_concrete_powder,minecraft,true,false,MANIFEST_DEFAULT,no manifest entry - defaulting to allowed
block,minecraft:gray_terracotta,minecraft,true,false,MANIFEST_DEFAULT,no manifest entry - defaulting to allowed
block,minecraft:jungle_fence_gate,minecraft,true,false,MANIFEST_DEFAULT,no manifest entry - defaulting to allowed
block,minecraft:dead_brain_coral_block,minecraft,true,false,MANIFEST_DEFAULT,no manifest entry - defaulting to allowed
block,minecraft:comparator,minecraft,true,false,MANIFEST_DEFAULT,no manifest entry - defaulting to allowed
block,minecraft:lodestone,minecraft,true,false,MANIFEST_DEFAULT,no manifest entry - defaulting to allowed
block,minecraft:tall_seagrass,minecraft,true,false,MANIFEST_DEFAULT,no manifest entry - defaulting to allowed
block,minecraft:repeater,minecraft,true,false,MANIFEST_DEFAULT,no manifest entry - defaulting to allowed
block,minecraft:deepslate_copper_ore,minecraft,true,false,MANIFEST_DEFAULT,no manifest entry - defaulting to allowed
block,minecraft:red_concrete_powder,minecraft,true,false,MANIFEST_DEFAULT,no manifest entry - defaulting to allowed
block,minecraft:dead_fire_coral,minecraft,true,false,MANIFEST_DEFAULT,no manifest entry - defaulting to allowed
block,minecraft:gray_shulker_box,minecraft,true,false,MANIFEST_DEFAULT,no manifest entry - defaulting to allowed
block,minecraft:purpur_block,minecraft,true,false,MANIFEST_DEFAULT,no manifest entry - defaulting to allowed
block,minecraft:potted_mangrove_propagule,minecraft,true,false,MANIFEST_DEFAULT,no manifest entry - defaulting to allowed
block,minecraft:glass,minecraft,true,false,MANIFEST_DEFAULT,no manifest entry - defaulting to allowed
block,minecraft:polished_blackstone_slab,minecraft,true,false,MANIFEST_DEFAULT,no manifest entry - defaulting to allowed
block,minecraft:light_gray_shulker_box,minecraft,true,false,MANIFEST_DEFAULT,no manifest entry - defaulting to allowed
block,minecraft:structure_void,minecraft,true,false,MANIFEST_DEFAULT,no manifest entry - defaulting to allowed
block,minecraft:stone_stairs,minecraft,true,false,MANIFEST_DEFAULT,no manifest entry - defaulting to allowed
block,minecraft:tube_coral_wall_fan,minecraft,true,false,MANIFEST_DEFAULT,no manifest entry - defaulting to allowed
block,minecraft:dried_kelp_block,minecraft,true,false,MANIFEST_DEFAULT,no manifest entry - defaulting to allowed
block,minecraft:end_stone_brick_stairs,minecraft,true,false,MANIFEST_DEFAULT,no manifest entry - defaulting to allowed
block,minecraft:terracotta,minecraft,true,false,MANIFEST_DEFAULT,no manifest entry - defaulting to allowed
block,minecraft:budding_amethyst,minecraft,true,false,MANIFEST_DEFAULT,no manifest entry - defaulting to allowed
block,minecraft:stripped_crimson_hyphae,minecraft,true,false,MANIFEST_DEFAULT,no manifest entry - defaulting to allowed
block,minecraft:birch_wall_sign,minecraft,true,false,MANIFEST_DEFAULT,no manifest entry - defaulting to allowed
block,minecraft:acacia_wall_hanging_sign,minecraft,true,false,MANIFEST_DEFAULT,no manifest entry - defaulting to allowed
block,minecraft:cyan_carpet,minecraft,true,false,MANIFEST_DEFAULT,no manifest entry - defaulting to allowed
block,minecraft:nether_brick_wall,minecraft,true,false,MANIFEST_DEFAULT,no manifest entry - defaulting to allowed
block,minecraft:warped_nylium,minecraft,true,false,MANIFEST_DEFAULT,no manifest entry - defaulting to allowed
block,minecraft:infested_chiseled_stone_bricks,minecraft,true,false,MANIFEST_DEFAULT,no manifest entry - defaulting to allowed
block,minecraft:gray_concrete_powder,minecraft,true,false,MANIFEST_DEFAULT,no manifest entry - defaulting to allowed
block,minecraft:torchflower,minecraft,true,false,MANIFEST_DEFAULT,no manifest entry - defaulting to allowed
block,minecraft:light_blue_concrete_powder,minecraft,true,false,MANIFEST_DEFAULT,no manifest entry - defaulting to allowed
block,minecraft:spruce_wall_sign,minecraft,true,false,MANIFEST_DEFAULT,no manifest entry - defaulting to allowed
block,minecraft:sculk_sensor,minecraft,true,false,MANIFEST_DEFAULT,no manifest entry - defaulting to allowed
block,minecraft:chain_command_block,minecraft,true,false,MANIFEST_DEFAULT,no manifest entry - defaulting to allowed
block,minecraft:oak_log,minecraft,true,false,MANIFEST_DEFAULT,no manifest entry - defaulting to allowed
block,minecraft:granite_stairs,minecraft,true,false,MANIFEST_DEFAULT,no manifest entry - defaulting to allowed
block,minecraft:weeping_vines,minecraft,true,false,MANIFEST_DEFAULT,no manifest entry - defaulting to allowed
block,minecraft:jungle_wall_sign,minecraft,true,false,MANIFEST_DEFAULT,no manifest entry - defaulting to allowed
block,minecraft:cyan_terracotta,minecraft,true,false,MANIFEST_DEFAULT,no manifest entry - defaulting to allowed
block,minecraft:air,minecraft,true,false,MANIFEST_DEFAULT,no manifest entry - defaulting to allowed
block,minecraft:cut_red_sandstone,minecraft,true,false,MANIFEST_DEFAULT,no manifest entry - defaulting to allowed
block,minecraft:twisting_vines_plant,minecraft,true,false,MANIFEST_DEFAULT,no manifest entry - defaulting to allowed
block,minecraft:mangrove_fence,minecraft,true,false,MANIFEST_DEFAULT,no manifest entry - defaulting to allowed
block,minecraft:nether_portal,minecraft,true,false,MANIFEST_DEFAULT,no manifest entry - defaulting to allowed
block,minecraft:warped_planks,minecraft,true,false,MANIFEST_DEFAULT,no manifest entry - defaulting to allowed
block,minecraft:dead_horn_coral_block,minecraft,true,false,MANIFEST_DEFAULT,no manifest entry - defaulting to allowed
block,minecraft:lime_candle,minecraft,true,false,MANIFEST_DEFAULT,no manifest entry - defaulting to allowed
block,minecraft:dead_horn_coral_wall_fan,minecraft,true,false,MANIFEST_DEFAULT,no manifest entry - defaulting to allowed
block,minecraft:mushroom_stem,minecraft,true,false,MANIFEST_DEFAULT,no manifest entry - defaulting to allowed
block,minecraft:beacon,minecraft,true,false,MANIFEST_DEFAULT,no manifest entry - defaulting to allowed
block,minecraft:tnt,minecraft,true,false,MANIFEST_DEFAULT,no manifest entry - defaulting to allowed
block,minecraft:light_gray_bed,minecraft,true,false,MANIFEST_DEFAULT,no manifest entry - defaulting to allowed
block,minecraft:red_candle,minecraft,true,false,MANIFEST_DEFAULT,no manifest entry - defaulting to allowed
block,minecraft:dark_oak_wall_sign,minecraft,true,false,MANIFEST_DEFAULT,no manifest entry - defaulting to allowed
block,minecraft:deepslate_lapis_ore,minecraft,true,false,MANIFEST_DEFAULT,no manifest entry - defaulting to allowed
block,minecraft:brown_carpet,minecraft,true,false,MANIFEST_DEFAULT,no manifest entry - defaulting to allowed
block,minecraft:cobweb,minecraft,true,false,MANIFEST_DEFAULT,no manifest entry - defaulting to allowed
block,minecraft:jungle_door,minecraft,true,false,MANIFEST_DEFAULT,no manifest entry - defaulting to allowed
block,minecraft:black_stained_glass_pane,minecraft,true,false,MANIFEST_DEFAULT,no manifest entry - defaulting to allowed
block,minecraft:prismarine_brick_slab,minecraft,true,false,MANIFEST_DEFAULT,no manifest entry - defaulting to allowed
block,minecraft:potted_azalea_bush,minecraft,true,false,MANIFEST_DEFAULT,no manifest entry - defaulting to allowed
block,minecraft:prismarine_bricks,minecraft,true,false,MANIFEST_DEFAULT,no manifest entry - defaulting to allowed
block,minecraft:cyan_shulker_box,minecraft,true,false,MANIFEST_DEFAULT,no manifest entry - defaulting to allowed
block,minecraft:nether_bricks,minecraft,true,false,MANIFEST_DEFAULT,no manifest entry - defaulting to allowed
block,minecraft:blue_carpet,minecraft,true,false,MANIFEST_DEFAULT,no manifest entry - defaulting to allowed
block,minecraft:potted_lily_of_the_valley,minecraft,true,false,MANIFEST_DEFAULT,no manifest entry - defaulting to allowed
block,minecraft:bamboo_door,minecraft,true,false,MANIFEST_DEFAULT,no manifest entry - defaulting to allowed
block,minecraft:crimson_fence,minecraft,true,false,MANIFEST_DEFAULT,no manifest entry - defaulting to allowed
block,minecraft:stone_bricks,minecraft,true,false,MANIFEST_DEFAULT,"manifest.json (keep, added b1.8, verified)"
block,minecraft:oxidized_cut_copper_slab,minecraft,true,false,MANIFEST_DEFAULT,no manifest entry - defaulting to allowed
block,minecraft:birch_stairs,minecraft,true,false,MANIFEST_DEFAULT,no manifest entry - defaulting to allowed
block,minecraft:infested_stone_bricks,minecraft,true,false,MANIFEST_DEFAULT,no manifest entry - defaulting to allowed
block,minecraft:frogspawn,minecraft,true,false,MANIFEST_DEFAULT,no manifest entry - defaulting to allowed
block,minecraft:pink_wall_banner,minecraft,true,false,MANIFEST_DEFAULT,no manifest entry - defaulting to allowed
block,minecraft:light_gray_stained_glass,minecraft,true,false,MANIFEST_DEFAULT,no manifest entry - defaulting to allowed
block,minecraft:spruce_leaves,minecraft,true,false,MANIFEST_DEFAULT,no manifest entry - defaulting to allowed
block,minecraft:white_stained_glass_pane,minecraft,true,false,MANIFEST_DEFAULT,no manifest entry - defaulting to allowed
block,minecraft:infested_cracked_stone_bricks,minecraft,true,false,MANIFEST_DEFAULT,no manifest entry - defaulting to allowed
block,minecraft:crimson_stairs,minecraft,true,false,MANIFEST_DEFAULT,no manifest entry - defaulting to allowed
block,minecraft:light_blue_stained_glass_pane,minecraft,true,false,MANIFEST_DEFAULT,no manifest entry - defaulting to allowed
block,minecraft:end_portal,minecraft,true,false,MANIFEST_DEFAULT,no manifest entry - defaulting to allowed
block,minecraft:brown_concrete_powder,minecraft,true,false,MANIFEST_DEFAULT,no manifest entry - defaulting to allowed
block,minecraft:cyan_stained_glass,minecraft,true,false,MANIFEST_DEFAULT,no manifest entry - defaulting to allowed
block,minecraft:cyan_glazed_terracotta,minecraft,true,false,MANIFEST_DEFAULT,no manifest entry - defaulting to allowed
block,minecraft:oak_pressure_plate,minecraft,true,false,MANIFEST_DEFAULT,no manifest entry - defaulting to allowed
block,minecraft:stone_brick_stairs,minecraft,true,false,MANIFEST_DEFAULT,"manifest.json (keep, added b1.8, verified)"
block,minecraft:pearlescent_froglight,minecraft,true,false,MANIFEST_DEFAULT,no manifest entry - defaulting to allowed
block,minecraft:diorite,minecraft,true,false,MANIFEST_DEFAULT,no manifest entry - defaulting to allowed
block,minecraft:acacia_fence,minecraft,true,false,MANIFEST_DEFAULT,no manifest entry - defaulting to allowed
block,minecraft:crimson_hyphae,minecraft,true,false,MANIFEST_DEFAULT,no manifest entry - defaulting to allowed
block,minecraft:bedrock,minecraft,true,false,MANIFEST_DEFAULT,no manifest entry - defaulting to allowed
block,minecraft:oak_slab,minecraft,true,false,MANIFEST_DEFAULT,no manifest entry - defaulting to allowed
block,minecraft:bubble_column,minecraft,true,false,MANIFEST_DEFAULT,no manifest entry - defaulting to allowed
block,minecraft:cyan_banner,minecraft,true,false,MANIFEST_DEFAULT,no manifest entry - defaulting to allowed
block,minecraft:dripstone_block,minecraft,true,false,MANIFEST_DEFAULT,no manifest entry - defaulting to allowed
block,minecraft:crimson_button,minecraft,true,false,MANIFEST_DEFAULT,no manifest entry - defaulting to allowed
block,minecraft:warped_door,minecraft,true,false,MANIFEST_DEFAULT,no manifest entry - defaulting to allowed
block,minecraft:jungle_hanging_sign,minecraft,true,false,MANIFEST_DEFAULT,no manifest entry - defaulting to allowed
block,minecraft:jungle_planks,minecraft,true,false,MANIFEST_DEFAULT,no manifest entry - defaulting to allowed
block,minecraft:snow,minecraft,true,false,MANIFEST_DEFAULT,no manifest entry - defaulting to allowed
block,minecraft:player_head,minecraft,true,false,MANIFEST_DEFAULT,no manifest entry - defaulting to allowed
block,minecraft:acacia_fence_gate,minecraft,true,false,MANIFEST_DEFAULT,no manifest entry - defaulting to allowed
block,minecraft:mangrove_sign,minecraft,true,false,MANIFEST_DEFAULT,no manifest entry - defaulting to allowed
block,minecraft:magenta_carpet,minecraft,true,false,MANIFEST_DEFAULT,no manifest entry - defaulting to allowed
block,minecraft:yellow_wool,minecraft,true,false,MANIFEST_DEFAULT,no manifest entry - defaulting to allowed
block,minecraft:lime_shulker_box,minecraft,true,false,MANIFEST_DEFAULT,no manifest entry - defaulting to allowed
block,minecraft:water,minecraft,true,false,MANIFEST_DEFAULT,no manifest entry - defaulting to allowed
block,minecraft:jungle_trapdoor,minecraft,true,false,MANIFEST_DEFAULT,no manifest entry - defaulting to allowed
block,minecraft:torchflower_crop,minecraft,true,false,MANIFEST_DEFAULT,no manifest entry - defaulting to allowed
block,minecraft:grindstone,minecraft,true,false,MANIFEST_DEFAULT,no manifest entry - defaulting to allowed
block,minecraft:seagrass,minecraft,true,false,MANIFEST_DEFAULT,no manifest entry - defaulting to allowed
block,minecraft:light_gray_wall_banner,minecraft,true,false,MANIFEST_DEFAULT,no manifest entry - defaulting to allowed
block,minecraft:blue_ice,minecraft,true,false,MANIFEST_DEFAULT,no manifest entry - defaulting to allowed
block,minecraft:red_nether_bricks,minecraft,true,false,MANIFEST_DEFAULT,no manifest entry - defaulting to allowed
block,minecraft:glass_pane,minecraft,true,false,MANIFEST_DEFAULT,"manifest.json (keep, added b1.8, verified)"
block,minecraft:potted_blue_orchid,minecraft,true,false,MANIFEST_DEFAULT,no manifest entry - defaulting to allowed
block,minecraft:crying_obsidian,minecraft,true,false,MANIFEST_DEFAULT,no manifest entry - defaulting to allowed
block,minecraft:sculk_shrieker,minecraft,true,false,MANIFEST_DEFAULT,no manifest entry - defaulting to allowed
block,minecraft:warped_slab,minecraft,true,false,MANIFEST_DEFAULT,no manifest entry - defaulting to allowed
block,minecraft:mangrove_stairs,minecraft,true,false,MANIFEST_DEFAULT,no manifest entry - defaulting to allowed
block,minecraft:lectern,minecraft,true,false,MANIFEST_DEFAULT,no manifest entry - defaulting to allowed
block,minecraft:prismarine,minecraft,true,false,MANIFEST_DEFAULT,no manifest entry - defaulting to allowed
block,minecraft:crimson_stem,minecraft,true,false,MANIFEST_DEFAULT,no manifest entry - defaulting to allowed
block,minecraft:purple_stained_glass,minecraft,true,false,MANIFEST_DEFAULT,no manifest entry - defaulting to allowed
block,minecraft:chiseled_sandstone,minecraft,true,false,MANIFEST_DEFAULT,no manifest entry - defaulting to allowed
block,minecraft:clay,minecraft,true,false,MANIFEST_DEFAULT,no manifest entry - defaulting to allowed
block,minecraft:cut_copper_stairs,minecraft,true,false,MANIFEST_DEFAULT,no manifest entry - defaulting to allowed
block,minecraft:chiseled_bookshelf,minecraft,true,false,MANIFEST_DEFAULT,no manifest entry - defaulting to allowed
block,minecraft:smooth_stone_slab,minecraft,true,false,MANIFEST_DEFAULT,no manifest entry - defaulting to allowed
block,minecraft:dark_oak_wall_hanging_sign,minecraft,true,false,MANIFEST_DEFAULT,no manifest entry - defaulting to allowed
block,minecraft:ladder,minecraft,true,false,MANIFEST_DEFAULT,no manifest entry - defaulting to allowed
block,minecraft:dead_bubble_coral_block,minecraft,true,false,MANIFEST_DEFAULT,no manifest entry - defaulting to allowed
block,minecraft:redstone_torch,minecraft,true,false,MANIFEST_DEFAULT,no manifest entry - defaulting to allowed
block,minecraft:moss_carpet,minecraft,true,false,MANIFEST_DEFAULT,no manifest entry - defaulting to allowed
block,minecraft:dead_fire_coral_fan,minecraft,true,false,MANIFEST_DEFAULT,no manifest entry - defaulting to allowed
block,minecraft:mossy_cobblestone_slab,minecraft,true,false,MANIFEST_DEFAULT,no manifest entry - defaulting to allowed
block,minecraft:red_candle_cake,minecraft,true,false,MANIFEST_DEFAULT,no manifest entry - defaulting to allowed
block,minecraft:target,minecraft,true,false,MANIFEST_DEFAULT,no manifest entry - defaulting to allowed
block,minecraft:gray_wool,minecraft,true,false,MANIFEST_DEFAULT,no manifest entry - defaulting to allowed
block,minecraft:white_concrete_powder,minecraft,true,false,MANIFEST_DEFAULT,no manifest entry - defaulting to allowed
block,minecraft:wet_sponge,minecraft,true,false,MANIFEST_DEFAULT,no manifest entry - defaulting to allowed
block,minecraft:yellow_terracotta,minecraft,true,false,MANIFEST_DEFAULT,no manifest entry - defaulting to allowed
block,minecraft:lava,minecraft,true,false,MANIFEST_DEFAULT,no manifest entry - defaulting to allowed
block,minecraft:orange_carpet,minecraft,true,false,MANIFEST_DEFAULT,no manifest entry - defaulting to allowed
block,minecraft:brown_wall_banner,minecraft,true,false,MANIFEST_DEFAULT,no manifest entry - defaulting to allowed
block,minecraft:waxed_weathered_cut_copper,minecraft,true,false,MANIFEST_DEFAULT,no manifest entry - defaulting to allowed
block,minecraft:gray_bed,minecraft,true,false,MANIFEST_DEFAULT,no manifest entry - defaulting to allowed
block,minecraft:cake,minecraft,true,false,MANIFEST_DEFAULT,no manifest entry - defaulting to allowed
block,minecraft:yellow_concrete,minecraft,true,false,MANIFEST_DEFAULT,no manifest entry - defaulting to allowed
block,minecraft:orange_banner,minecraft,true,false,MANIFEST_DEFAULT,no manifest entry - defaulting to allowed
block,minecraft:stripped_birch_log,minecraft,true,false,MANIFEST_DEFAULT,no manifest entry - defaulting to allowed
block,minecraft:dark_oak_sign,minecraft,true,false,MANIFEST_DEFAULT,no manifest entry - defaulting to allowed
block,minecraft:granite_slab,minecraft,true,false,MANIFEST_DEFAULT,no manifest entry - defaulting to allowed
block,minecraft:red_wall_banner,minecraft,true,false,MANIFEST_DEFAULT,no manifest entry - defaulting to allowed
block,minecraft:mud_brick_stairs,minecraft,true,false,MANIFEST_DEFAULT,no manifest entry - defaulting to allowed
block,minecraft:fire_coral,minecraft,true,false,MANIFEST_DEFAULT,no manifest entry - defaulting to allowed
block,minecraft:white_terracotta,minecraft,true,false,MANIFEST_DEFAULT,no manifest entry - defaulting to allowed
block,minecraft:mycelium,minecraft,true,false,MANIFEST_DEFAULT,no manifest entry - defaulting to allowed
block,minecraft:oak_hanging_sign,minecraft,true,false,MANIFEST_DEFAULT,no manifest entry - defaulting to allowed
block,minecraft:crimson_roots,minecraft,true,false,MANIFEST_DEFAULT,no manifest entry - defaulting to allowed
block,minecraft:pink_stained_glass_pane,minecraft,true,false,MANIFEST_DEFAULT,no manifest entry - defaulting to allowed
block,minecraft:mangrove_slab,minecraft,true,false,MANIFEST_DEFAULT,no manifest entry - defaulting to allowed
block,minecraft:lime_concrete_powder,minecraft,true,false,MANIFEST_DEFAULT,no manifest entry - defaulting to allowed
block,minecraft:dead_horn_coral_fan,minecraft,true,false,MANIFEST_DEFAULT,no manifest entry - defaulting to allowed
block,minecraft:pink_candle_cake,minecraft,true,false,MANIFEST_DEFAULT,no manifest entry - defaulting to allowed
block,minecraft:stripped_cherry_wood,minecraft,true,false,MANIFEST_DEFAULT,no manifest entry - defaulting to allowed
block,minecraft:waxed_copper_block,minecraft,true,false,MANIFEST_DEFAULT,no manifest entry - defaulting to allowed
block,minecraft:brown_banner,minecraft,true,false,MANIFEST_DEFAULT,no manifest entry - defaulting to allowed
block,minecraft:stripped_cherry_log,minecraft,true,false,MANIFEST_DEFAULT,no manifest entry - defaulting to allowed
block,minecraft:barrel,minecraft,true,false,MANIFEST_DEFAULT,no manifest entry - defaulting to allowed
block,minecraft:cherry_leaves,minecraft,true,false,MANIFEST_DEFAULT,no manifest entry - defaulting to allowed
block,minecraft:cherry_pressure_plate,minecraft,true,false,MANIFEST_DEFAULT,no manifest entry - defaulting to allowed
block,minecraft:sculk,minecraft,true,false,MANIFEST_DEFAULT,no manifest entry - defaulting to allowed
block,minecraft:warped_hyphae,minecraft,true,false,MANIFEST_DEFAULT,no manifest entry - defaulting to allowed
block,minecraft:polished_blackstone_button,minecraft,true,false,MANIFEST_DEFAULT,no manifest entry - defaulting to allowed
block,minecraft:gray_wall_banner,minecraft,true,false,MANIFEST_DEFAULT,no manifest entry - defaulting to allowed
block,minecraft:magenta_glazed_terracotta,minecraft,true,false,MANIFEST_DEFAULT,no manifest entry - defaulting to allowed
block,minecraft:cherry_wall_hanging_sign,minecraft,true,false,MANIFEST_DEFAULT,no manifest entry - defaulting to allowed
block,minecraft:horn_coral,minecraft,true,false,MANIFEST_DEFAULT,no manifest entry - defaulting to allowed
block,minecraft:chiseled_stone_bricks,minecraft,true,false,MANIFEST_DEFAULT,no manifest entry - defaulting to allowed
block,minecraft:dead_tube_coral,minecraft,true,false,MANIFEST_DEFAULT,no manifest entry - defaulting to allowed
block,minecraft:end_stone_brick_slab,minecraft,true,false,MANIFEST_DEFAULT,no manifest entry - defaulting to allowed
block,minecraft:smithing_table,minecraft,true,false,MANIFEST_DEFAULT,no manifest entry - defaulting to allowed
block,minecraft:green_bed,minecraft,true,false,MANIFEST_DEFAULT,no manifest entry - defaulting to allowed
block,minecraft:magma_block,minecraft,true,false,MANIFEST_DEFAULT,no manifest entry - defaulting to allowed
block,minecraft:spruce_pressure_plate,minecraft,true,false,MANIFEST_DEFAULT,no manifest entry - defaulting to allowed
block,minecraft:purple_terracotta,minecraft,true,false,MANIFEST_DEFAULT,no manifest entry - defaulting to allowed
block,minecraft:cauldron,minecraft,true,false,MANIFEST_DEFAULT,no manifest entry - defaulting to allowed
block,minecraft:pink_concrete_powder,minecraft,true,false,MANIFEST_DEFAULT,no manifest entry - defaulting to allowed
block,minecraft:bamboo_trapdoor,minecraft,true,false,MANIFEST_DEFAULT,no manifest entry - defaulting to allowed
block,minecraft:birch_leaves,minecraft,true,false,MANIFEST_DEFAULT,no manifest entry - defaulting to allowed
block,minecraft:acacia_leaves,minecraft,true,false,MANIFEST_DEFAULT,no manifest entry - defaulting to allowed
block,minecraft:bee_nest,minecraft,true,false,MANIFEST_DEFAULT,no manifest entry - defaulting to allowed
block,minecraft:exposed_copper,minecraft,true,false,MANIFEST_DEFAULT,no manifest entry - defaulting to allowed
block,minecraft:magenta_concrete_powder,minecraft,true,false,MANIFEST_DEFAULT,no manifest entry - defaulting to allowed
block,minecraft:end_portal_frame,minecraft,true,false,MANIFEST_DEFAULT,no manifest entry - defaulting to allowed
block,minecraft:white_tulip,minecraft,true,false,MANIFEST_DEFAULT,no manifest entry - defaulting to allowed
block,minecraft:andesite_wall,minecraft,true,false,MANIFEST_DEFAULT,no manifest entry - defaulting to allowed
block,minecraft:sandstone_slab,minecraft,true,false,MANIFEST_DEFAULT,no manifest entry - defaulting to allowed
block,minecraft:hay_block,minecraft,true,false,MANIFEST_DEFAULT,no manifest entry - defaulting to allowed
block,minecraft:light_blue_candle,minecraft,true,false,MANIFEST_DEFAULT,no manifest entry - defaulting to allowed
block,minecraft:void_air,minecraft,true,false,MANIFEST_DEFAULT,no manifest entry - defaulting to allowed
block,minecraft:cave_vines,minecraft,true,false,MANIFEST_DEFAULT,no manifest entry - defaulting to allowed
block,minecraft:cobblestone_slab,minecraft,true,false,MANIFEST_DEFAULT,no manifest entry - defaulting to allowed
block,minecraft:gray_banner,minecraft,true,false,MANIFEST_DEFAULT,no manifest entry - defaulting to allowed
block,minecraft:purple_shulker_box,minecraft,true,false,MANIFEST_DEFAULT,no manifest entry - defaulting to allowed
block,minecraft:weathered_copper,minecraft,true,false,MANIFEST_DEFAULT,no manifest entry - defaulting to allowed
block,minecraft:warped_stairs,minecraft,true,false,MANIFEST_DEFAULT,no manifest entry - defaulting to allowed
block,minecraft:spruce_hanging_sign,minecraft,true,false,MANIFEST_DEFAULT,no manifest entry - defaulting to allowed
block,minecraft:red_sand,minecraft,true,false,MANIFEST_DEFAULT,no manifest entry - defaulting to allowed
block,minecraft:cracked_polished_blackstone_bricks,minecraft,true,false,MANIFEST_DEFAULT,no manifest entry - defaulting to allowed
block,minecraft:bamboo_sapling,minecraft,true,false,MANIFEST_DEFAULT,no manifest entry - defaulting to allowed
block,minecraft:spruce_wall_hanging_sign,minecraft,true,false,MANIFEST_DEFAULT,no manifest entry - defaulting to allowed
block,minecraft:smooth_sandstone_slab,minecraft,true,false,MANIFEST_DEFAULT,no manifest entry - defaulting to allowed
block,minecraft:zombie_head,minecraft,true,false,MANIFEST_DEFAULT,no manifest entry - defaulting to allowed
block,minecraft:dark_oak_leaves,minecraft,true,false,MANIFEST_DEFAULT,no manifest entry - defaulting to allowed
block,minecraft:chest,minecraft,true,false,MANIFEST_DEFAULT,no manifest entry - defaulting to allowed
block,minecraft:mangrove_leaves,minecraft,true,false,MANIFEST_DEFAULT,no manifest entry - defaulting to allowed
block,minecraft:gray_stained_glass,minecraft,true,false,MANIFEST_DEFAULT,no manifest entry - defaulting to allowed
block,minecraft:rail,minecraft,true,false,MANIFEST_DEFAULT,no manifest entry - defaulting to allowed
block,minecraft:potted_brown_mushroom,minecraft,true,false,MANIFEST_DEFAULT,no manifest entry - defaulting to allowed
block,minecraft:pink_candle,minecraft,true,false,MANIFEST_DEFAULT,no manifest entry - defaulting to allowed
block,minecraft:white_concrete,minecraft,true,false,MANIFEST_DEFAULT,no manifest entry - defaulting to allowed
block,minecraft:iron_ore,minecraft,true,false,MANIFEST_DEFAULT,no manifest entry - defaulting to allowed
block,minecraft:moss_block,minecraft,true,false,MANIFEST_DEFAULT,no manifest entry - defaulting to allowed
block,minecraft:reinforced_deepslate,minecraft,true,false,MANIFEST_DEFAULT,no manifest entry - defaulting to allowed
block,minecraft:stripped_dark_oak_log,minecraft,true,false,MANIFEST_DEFAULT,no manifest entry - defaulting to allowed
block,minecraft:red_terracotta,minecraft,true,false,MANIFEST_DEFAULT,no manifest entry - defaulting to allowed
block,minecraft:yellow_banner,minecraft,true,false,MANIFEST_DEFAULT,no manifest entry - defaulting to allowed
block,minecraft:redstone_wire,minecraft,true,false,MANIFEST_DEFAULT,no manifest entry - defaulting to allowed
block,minecraft:small_amethyst_bud,minecraft,true,false,MANIFEST_DEFAULT,no manifest entry - defaulting to allowed
block,minecraft:vine,minecraft,true,false,MANIFEST_DEFAULT,"manifest.json (keep, added b1.8, verified)"
block,minecraft:waxed_exposed_cut_copper_slab,minecraft,true,false,MANIFEST_DEFAULT,no manifest entry - defaulting to allowed
block,minecraft:red_bed,minecraft,true,false,MANIFEST_DEFAULT,no manifest entry - defaulting to allowed
block,minecraft:calcite,minecraft,true,false,MANIFEST_DEFAULT,no manifest entry - defaulting to allowed
block,minecraft:dark_oak_fence,minecraft,true,false,MANIFEST_DEFAULT,no manifest entry - defaulting to allowed
block,minecraft:attached_melon_stem,minecraft,true,false,MANIFEST_DEFAULT,no manifest entry - defaulting to allowed
block,minecraft:cut_copper,minecraft,true,false,MANIFEST_DEFAULT,no manifest entry - defaulting to allowed
block,minecraft:deepslate_tile_stairs,minecraft,true,false,MANIFEST_DEFAULT,no manifest entry - defaulting to allowed
block,minecraft:soul_lantern,minecraft,true,false,MANIFEST_DEFAULT,no manifest entry - defaulting to allowed
block,minecraft:sweet_berry_bush,minecraft,true,false,MANIFEST_DEFAULT,no manifest entry - defaulting to allowed
block,minecraft:waxed_weathered_cut_copper_slab,minecraft,true,false,MANIFEST_DEFAULT,no manifest entry - defaulting to allowed
block,minecraft:stripped_mangrove_log,minecraft,true,false,MANIFEST_DEFAULT,no manifest entry - defaulting to allowed
block,minecraft:deepslate_emerald_ore,minecraft,true,false,MANIFEST_DEFAULT,no manifest entry - defaulting to allowed
block,minecraft:creeper_head,minecraft,true,false,MANIFEST_DEFAULT,no manifest entry - defaulting to allowed
block,minecraft:crimson_trapdoor,minecraft,true,false,MANIFEST_DEFAULT,no manifest entry - defaulting to allowed
block,minecraft:end_stone_brick_wall,minecraft,true,false,MANIFEST_DEFAULT,no manifest entry - defaulting to allowed
block,minecraft:cave_air,minecraft,true,false,MANIFEST_DEFAULT,no manifest entry - defaulting to allowed
block,minecraft:polished_diorite_slab,minecraft,true,false,MANIFEST_DEFAULT,no manifest entry - defaulting to allowed
block,minecraft:weeping_vines_plant,minecraft,true,false,MANIFEST_DEFAULT,no manifest entry - defaulting to allowed
block,minecraft:yellow_candle_cake,minecraft,true,false,MANIFEST_DEFAULT,no manifest entry - defaulting to allowed
block,minecraft:bamboo_stairs,minecraft,true,false,MANIFEST_DEFAULT,no manifest entry - defaulting to allowed
block,minecraft:brown_glazed_terracotta,minecraft,true,false,MANIFEST_DEFAULT,no manifest entry - defaulting to allowed
block,minecraft:smooth_sandstone_stairs,minecraft,true,false,MANIFEST_DEFAULT,no manifest entry - defaulting to allowed
block,minecraft:smooth_basalt,minecraft,true,false,MANIFEST_DEFAULT,no manifest entry - defaulting to allowed
block,minecraft:chain,minecraft,true,false,MANIFEST_DEFAULT,no manifest entry - defaulting to allowed
block,minecraft:brown_concrete,minecraft,true,false,MANIFEST_DEFAULT,no manifest entry - defaulting to allowed
block,minecraft:white_wool,minecraft,true,false,MANIFEST_DEFAULT,no manifest entry - defaulting to allowed
block,minecraft:pumpkin_stem,minecraft,true,false,MANIFEST_DEFAULT,no manifest entry - defaulting to allowed
block,minecraft:blue_concrete_powder,minecraft,true,false,MANIFEST_DEFAULT,no manifest entry - defaulting to allowed
block,minecraft:blue_stained_glass,minecraft,true,false,MANIFEST_DEFAULT,no manifest entry - defaulting to allowed
block,minecraft:potted_wither_rose,minecraft,true,false,MANIFEST_DEFAULT,no manifest entry - defaulting to allowed
block,minecraft:oak_fence,minecraft,true,false,MANIFEST_DEFAULT,no manifest entry - defaulting to allowed
block,minecraft:hanging_roots,minecraft,true,false,MANIFEST_DEFAULT,no manifest entry - defaulting to allowed
block,minecraft:warped_trapdoor,minecraft,true,false,MANIFEST_DEFAULT,no manifest entry - defaulting to allowed
block,minecraft:prismarine_brick_stairs,minecraft,true,false,MANIFEST_DEFAULT,no manifest entry - defaulting to allowed
block,minecraft:deepslate_coal_ore,minecraft,true,false,MANIFEST_DEFAULT,no manifest entry - defaulting to allowed
block,minecraft:oak_sign,minecraft,true,false,MANIFEST_DEFAULT,no manifest entry - defaulting to allowed
block,minecraft:smooth_red_sandstone,minecraft,true,false,MANIFEST_DEFAULT,no manifest entry - defaulting to allowed
block,minecraft:crimson_planks,minecraft,true,false,MANIFEST_DEFAULT,no manifest entry - defaulting to allowed
block,minecraft:blue_candle,minecraft,true,false,MANIFEST_DEFAULT,no manifest entry - defaulting to allowed
block,minecraft:fire_coral_fan,minecraft,true,false,MANIFEST_DEFAULT,no manifest entry - defaulting to allowed
block,minecraft:birch_sign,minecraft,true,false,MANIFEST_DEFAULT,no manifest entry - defaulting to allowed
block,minecraft:potted_crimson_fungus,minecraft,true,false,MANIFEST_DEFAULT,no manifest entry - defaulting to allowed
block,minecraft:waxed_oxidized_copper,minecraft,true,false,MANIFEST_DEFAULT,no manifest entry - defaulting to allowed
block,minecraft:birch_pressure_plate,minecraft,true,false,MANIFEST_DEFAULT,no manifest entry - defaulting to allowed
block,minecraft:purple_candle_cake,minecraft,true,false,MANIFEST_DEFAULT,no manifest entry - defaulting to allowed
block,minecraft:netherite_block,minecraft,true,false,MANIFEST_DEFAULT,no manifest entry - defaulting to allowed
block,minecraft:oxeye_daisy,minecraft,true,false,MANIFEST_DEFAULT,no manifest entry - defaulting to allowed
block,minecraft:light,minecraft,true,false,MANIFEST_DEFAULT,no manifest entry - defaulting to allowed
block,minecraft:deepslate,minecraft,true,false,MANIFEST_DEFAULT,no manifest entry - defaulting to allowed
block,minecraft:light_blue_terracotta,minecraft,true,false,MANIFEST_DEFAULT,no manifest entry - defaulting to allowed
block,minecraft:sunflower,minecraft,true,false,MANIFEST_DEFAULT,no manifest entry - defaulting to allowed
block,minecraft:spruce_stairs,minecraft,true,false,MANIFEST_DEFAULT,no manifest entry - defaulting to allowed
block,minecraft:mangrove_planks,minecraft,true,false,MANIFEST_DEFAULT,no manifest entry - defaulting to allowed
block,minecraft:dead_brain_coral_fan,minecraft,true,false,MANIFEST_DEFAULT,no manifest entry - defaulting to allowed
block,minecraft:black_bed,minecraft,true,false,MANIFEST_DEFAULT,no manifest entry - defaulting to allowed
block,minecraft:jungle_sign,minecraft,true,false,MANIFEST_DEFAULT,no manifest entry - defaulting to allowed
block,minecraft:cyan_candle,minecraft,true,false,MANIFEST_DEFAULT,no manifest entry - defaulting to allowed
block,minecraft:azure_bluet,minecraft,true,false,MANIFEST_DEFAULT,no manifest entry - defaulting to allowed
block,minecraft:cave_vines_plant,minecraft,true,false,MANIFEST_DEFAULT,no manifest entry - defaulting to allowed
block,minecraft:orange_tulip,minecraft,true,false,MANIFEST_DEFAULT,no manifest entry - defaulting to allowed
block,minecraft:dirt_path,minecraft,true,false,MANIFEST_DEFAULT,no manifest entry - defaulting to allowed
block,minecraft:dead_bubble_coral,minecraft,true,false,MANIFEST_DEFAULT,no manifest entry - defaulting to allowed
block,minecraft:yellow_shulker_box,minecraft,true,false,MANIFEST_DEFAULT,no manifest entry - defaulting to allowed
block,minecraft:calibrated_sculk_sensor,minecraft,true,false,MANIFEST_DEFAULT,no manifest entry - defaulting to allowed
block,minecraft:skeleton_skull,minecraft,true,false,MANIFEST_DEFAULT,no manifest entry - defaulting to allowed
block,minecraft:horn_coral_block,minecraft,true,false,MANIFEST_DEFAULT,no manifest entry - defaulting to allowed
block,minecraft:magenta_candle,minecraft,true,false,MANIFEST_DEFAULT,no manifest entry - defaulting to allowed
block,minecraft:green_stained_glass_pane,minecraft,true,false,MANIFEST_DEFAULT,no manifest entry - defaulting to allowed
block,minecraft:stripped_oak_log,minecraft,true,false,MANIFEST_DEFAULT,no manifest entry - defaulting to allowed
block,minecraft:potted_dandelion,minecraft,true,false,MANIFEST_DEFAULT,no manifest entry - defaulting to allowed
block,minecraft:crimson_slab,minecraft,true,false,MANIFEST_DEFAULT,no manifest entry - defaulting to allowed
block,minecraft:ancient_debris,minecraft,true,false,MANIFEST_DEFAULT,no manifest entry - defaulting to allowed
block,minecraft:black_concrete_powder,minecraft,true,false,MANIFEST_DEFAULT,no manifest entry - defaulting to allowed
block,minecraft:redstone_wall_torch,minecraft,true,false,MANIFEST_DEFAULT,no manifest entry - defaulting to allowed
block,minecraft:infested_stone,minecraft,true,false,MANIFEST_DEFAULT,no manifest entry - defaulting to allowed
block,minecraft:lime_carpet,minecraft,true,false,MANIFEST_DEFAULT,no manifest entry - defaulting to allowed
block,minecraft:purple_banner,minecraft,true,false,MANIFEST_DEFAULT,no manifest entry - defaulting to allowed
block,minecraft:purple_concrete_powder,minecraft,true,false,MANIFEST_DEFAULT,no manifest entry - defaulting to allowed
block,minecraft:birch_planks,minecraft,true,false,MANIFEST_DEFAULT,no manifest entry - defaulting to allowed
block,minecraft:light_gray_stained_glass_pane,minecraft,true,false,MANIFEST_DEFAULT,no manifest entry - defaulting to allowed
block,minecraft:potted_birch_sapling,minecraft,true,false,MANIFEST_DEFAULT,no manifest entry - defaulting to allowed
block,minecraft:green_terracotta,minecraft,true,false,MANIFEST_DEFAULT,no manifest entry - defaulting to allowed
block,minecraft:white_stained_glass,minecraft,true,false,MANIFEST_DEFAULT,no manifest entry - defaulting to allowed
block,minecraft:red_carpet,minecraft,true,false,MANIFEST_DEFAULT,no manifest entry - defaulting to allowed
block,minecraft:acacia_planks,minecraft,true,false,MANIFEST_DEFAULT,no manifest entry - defaulting to allowed
block,minecraft:slime_block,minecraft,true,false,MANIFEST_DEFAULT,no manifest entry - defaulting to allowed
block,minecraft:quartz_pillar,minecraft,true,false,MANIFEST_DEFAULT,no manifest entry - defaulting to allowed
block,minecraft:cherry_log,minecraft,true,false,MANIFEST_DEFAULT,no manifest entry - defaulting to allowed
block,minecraft:cherry_button,minecraft,true,false,MANIFEST_DEFAULT,no manifest entry - defaulting to allowed
block,minecraft:lime_concrete,minecraft,true,false,MANIFEST_DEFAULT,no manifest entry - defaulting to allowed
block,minecraft:mud_bricks,minecraft,true,false,MANIFEST_DEFAULT,no manifest entry - defaulting to allowed
block,minecraft:stripped_warped_stem,minecraft,true,false,MANIFEST_DEFAULT,no manifest entry - defaulting to allowed
block,minecraft:black_candle_cake,minecraft,true,false,MANIFEST_DEFAULT,no manifest entry - defaulting to allowed
block,minecraft:lime_candle_cake,minecraft,true,false,MANIFEST_DEFAULT,no manifest entry - defaulting to allowed
block,minecraft:purpur_stairs,minecraft,true,false,MANIFEST_DEFAULT,no manifest entry - defaulting to allowed
block,minecraft:soul_sand,minecraft,true,false,MANIFEST_DEFAULT,no manifest entry - defaulting to allowed
block,minecraft:brown_terracotta,minecraft,true,false,MANIFEST_DEFAULT,no manifest entry - defaulting to allowed
block,minecraft:waxed_oxidized_cut_copper_stairs,minecraft,true,false,MANIFEST_DEFAULT,no manifest entry - defaulting to allowed
block,minecraft:bamboo_block,minecraft,true,false,MANIFEST_DEFAULT,no manifest entry - defaulting to allowed
block,minecraft:warped_wall_sign,minecraft,true,false,MANIFEST_DEFAULT,no manifest entry - defaulting to allowed
block,minecraft:blue_wool,minecraft,true,false,MANIFEST_DEFAULT,no manifest entry - defaulting to allowed
block,minecraft:glow_lichen,minecraft,true,false,MANIFEST_DEFAULT,no manifest entry - defaulting to allowed
block,minecraft:note_block,minecraft,true,false,MANIFEST_DEFAULT,no manifest entry - defaulting to allowed
block,minecraft:mossy_cobblestone_stairs,minecraft,true,false,MANIFEST_DEFAULT,no manifest entry - defaulting to allowed
block,minecraft:bamboo,minecraft,true,false,MANIFEST_DEFAULT,no manifest entry - defaulting to allowed
block,minecraft:acacia_hanging_sign,minecraft,true,false,MANIFEST_DEFAULT,no manifest entry - defaulting to allowed
block,minecraft:red_shulker_box,minecraft,true,false,MANIFEST_DEFAULT,no manifest entry - defaulting to allowed
block,minecraft:muddy_mangrove_roots,minecraft,true,false,MANIFEST_DEFAULT,no manifest entry - defaulting to allowed
block,minecraft:piston,minecraft,true,false,MANIFEST_DEFAULT,no manifest entry - defaulting to allowed
block,minecraft:brown_bed,minecraft,true,false,MANIFEST_DEFAULT,no manifest entry - defaulting to allowed
block,minecraft:dead_fire_coral_block,minecraft,true,false,MANIFEST_DEFAULT,no manifest entry - defaulting to allowed
block,minecraft:wither_rose,minecraft,true,false,MANIFEST_DEFAULT,no manifest entry - defaulting to allowed
block,minecraft:potted_jungle_sapling,minecraft,true,false,MANIFEST_DEFAULT,no manifest entry - defaulting to allowed
block,minecraft:bubble_coral_block,minecraft,true,false,MANIFEST_DEFAULT,no manifest entry - defaulting to allowed
block,minecraft:blue_bed,minecraft,true,false,MANIFEST_DEFAULT,no manifest entry - defaulting to allowed
block,minecraft:light_gray_carpet,minecraft,true,false,MANIFEST_DEFAULT,no manifest entry - defaulting to allowed
block,minecraft:white_banner,minecraft,true,false,MANIFEST_DEFAULT,no manifest entry - defaulting to allowed
block,minecraft:bubble_coral,minecraft,true,false,MANIFEST_DEFAULT,no manifest entry - defaulting to allowed
block,minecraft:smooth_quartz,minecraft,true,false,MANIFEST_DEFAULT,no manifest entry - defaulting to allowed
block,minecraft:smooth_sandstone,minecraft,true,false,MANIFEST_DEFAULT,no manifest entry - defaulting to allowed
block,minecraft:smooth_red_sandstone_stairs,minecraft,true,false,MANIFEST_DEFAULT,no manifest entry - defaulting to allowed
block,minecraft:light_gray_banner,minecraft,true,false,MANIFEST_DEFAULT,no manifest entry - defaulting to allowed
block,minecraft:sea_pickle,minecraft,true,false,MANIFEST_DEFAULT,no manifest entry - defaulting to allowed
block,minecraft:light_blue_glazed_terracotta,minecraft,true,false,MANIFEST_DEFAULT,no manifest entry - defaulting to allowed
block,minecraft:shulker_box,minecraft,true,false,MANIFEST_DEFAULT,no manifest entry - defaulting to allowed
block,minecraft:dispenser,minecraft,true,false,MANIFEST_DEFAULT,no manifest entry - defaulting to allowed
block,minecraft:cyan_stained_glass_pane,minecraft,true,false,MANIFEST_DEFAULT,no manifest entry - defaulting to allowed
block,minecraft:daylight_detector,minecraft,true,false,MANIFEST_DEFAULT,no manifest entry - defaulting to allowed
block,minecraft:sponge,minecraft,true,false,MANIFEST_DEFAULT,no manifest entry - defaulting to allowed
block,minecraft:quartz_stairs,minecraft,true,false,MANIFEST_DEFAULT,no manifest entry - defaulting to allowed
block,minecraft:diorite_wall,minecraft,true,false,MANIFEST_DEFAULT,no manifest entry - defaulting to allowed
block,minecraft:white_carpet,minecraft,true,false,MANIFEST_DEFAULT,no manifest entry - defaulting to allowed
block,minecraft:purple_glazed_terracotta,minecraft,true,false,MANIFEST_DEFAULT,no manifest entry - defaulting to allowed
block,minecraft:spruce_planks,minecraft,true,false,MANIFEST_DEFAULT,no manifest entry - defaulting to allowed
block,minecraft:mangrove_roots,minecraft,true,false,MANIFEST_DEFAULT,no manifest entry - defaulting to allowed
block,minecraft:red_stained_glass,minecraft,true,false,MANIFEST_DEFAULT,no manifest entry - defaulting to allowed
block,minecraft:deepslate_iron_ore,minecraft,true,false,MANIFEST_DEFAULT,no manifest entry - defaulting to allowed
block,minecraft:purple_wall_banner,minecraft,true,false,MANIFEST_DEFAULT,no manifest entry - defaulting to allowed
block,minecraft:mossy_stone_bricks,minecraft,true,false,MANIFEST_DEFAULT,"manifest.json (keep, added b1.8, verified)"
block,minecraft:green_carpet,minecraft,true,false,MANIFEST_DEFAULT,no manifest entry - defaulting to allowed
block,minecraft:purpur_slab,minecraft,true,false,MANIFEST_DEFAULT,no manifest entry - defaulting to allowed
block,minecraft:polished_blackstone_bricks,minecraft,true,false,MANIFEST_DEFAULT,no manifest entry - defaulting to allowed
block,minecraft:cracked_stone_bricks,minecraft,true,false,MANIFEST_DEFAULT,"manifest.json (keep, added b1.8, verified)"
block,minecraft:cyan_candle_cake,minecraft,true,false,MANIFEST_DEFAULT,no manifest entry - defaulting to allowed
block,minecraft:jack_o_lantern,minecraft,true,false,MANIFEST_DEFAULT,no manifest entry - defaulting to allowed
block,minecraft:tripwire_hook,minecraft,true,false,MANIFEST_DEFAULT,no manifest entry - defaulting to allowed
block,minecraft:trapped_chest,minecraft,true,false,MANIFEST_DEFAULT,no manifest entry - defaulting to allowed
block,minecraft:hopper,minecraft,true,false,MANIFEST_DEFAULT,no manifest entry - defaulting to allowed
block,minecraft:lantern,minecraft,true,false,MANIFEST_DEFAULT,no manifest entry - defaulting to allowed
block,minecraft:green_banner,minecraft,true,false,MANIFEST_DEFAULT,no manifest entry - defaulting to allowed
block,minecraft:magenta_stained_glass,minecraft,true,false,MANIFEST_DEFAULT,no manifest entry - defaulting to allowed
block,minecraft:ender_chest,minecraft,true,false,MANIFEST_DEFAULT,no manifest entry - defaulting to allowed
block,minecraft:iron_bars,minecraft,true,false,MANIFEST_DEFAULT,"manifest.json (keep, added b1.8, verified)"
block,minecraft:dandelion,minecraft,true,false,MANIFEST_DEFAULT,no manifest entry - defaulting to allowed
block,minecraft:iron_trapdoor,minecraft,true,false,MANIFEST_DEFAULT,no manifest entry - defaulting to allowed
block,minecraft:green_glazed_terracotta,minecraft,true,false,MANIFEST_DEFAULT,no manifest entry - defaulting to allowed
block,minecraft:brown_candle,minecraft,true,false,MANIFEST_DEFAULT,no manifest entry - defaulting to allowed
block,minecraft:deepslate_brick_wall,minecraft,true,false,MANIFEST_DEFAULT,no manifest entry - defaulting to allowed
block,minecraft:cobblestone,minecraft,true,false,MANIFEST_DEFAULT,no manifest entry - defaulting to allowed
block,minecraft:rose_bush,minecraft,true,false,MANIFEST_DEFAULT,no manifest entry - defaulting to allowed
block,minecraft:lime_terracotta,minecraft,true,false,MANIFEST_DEFAULT,no manifest entry - defaulting to allowed
block,minecraft:jungle_wood,minecraft,true,false,MANIFEST_DEFAULT,no manifest entry - defaulting to allowed
block,minecraft:waxed_oxidized_cut_copper,minecraft,true,false,MANIFEST_DEFAULT,no manifest entry - defaulting to allowed
block,minecraft:cartography_table,minecraft,true,false,MANIFEST_DEFAULT,no manifest entry - defaulting to allowed
block,minecraft:polished_diorite,minecraft,true,false,MANIFEST_DEFAULT,no manifest entry - defaulting to allowed
block,minecraft:pink_tulip,minecraft,true,false,MANIFEST_DEFAULT,no manifest entry - defaulting to allowed
block,minecraft:crimson_nylium,minecraft,true,false,MANIFEST_DEFAULT,no manifest entry - defaulting to allowed
block,minecraft:stone_slab,minecraft,true,false,MANIFEST_DEFAULT,no manifest entry - defaulting to allowed
block,minecraft:acacia_pressure_plate,minecraft,true,false,MANIFEST_DEFAULT,no manifest entry - defaulting to allowed
block,minecraft:lime_bed,minecraft,true,false,MANIFEST_DEFAULT,no manifest entry - defaulting to allowed
block,minecraft:yellow_wall_banner,minecraft,true,false,MANIFEST_DEFAULT,no manifest entry - defaulting to allowed
block,minecraft:dark_oak_pressure_plate,minecraft,true,false,MANIFEST_DEFAULT,no manifest entry - defaulting to allowed
block,minecraft:acacia_slab,minecraft,true,false,MANIFEST_DEFAULT,no manifest entry - defaulting to allowed
block,minecraft:jungle_stairs,minecraft,true,false,MANIFEST_DEFAULT,no manifest entry - defaulting to allowed
block,minecraft:wither_skeleton_skull,minecraft,true,false,MANIFEST_DEFAULT,no manifest entry - defaulting to allowed
block,minecraft:blast_furnace,minecraft,true,false,MANIFEST_DEFAULT,no manifest entry - defaulting to allowed
block,minecraft:polished_andesite_stairs,minecraft,true,false,MANIFEST_DEFAULT,no manifest entry - defaulting to allowed
block,minecraft:stripped_jungle_log,minecraft,true,false,MANIFEST_DEFAULT,no manifest entry - defaulting to allowed
block,minecraft:grass_block,minecraft,true,false,MANIFEST_DEFAULT,no manifest entry - defaulting to allowed
block,minecraft:allium,minecraft,true,false,MANIFEST_DEFAULT,no manifest entry - defaulting to allowed
block,minecraft:bell,minecraft,true,false,MANIFEST_DEFAULT,no manifest entry - defaulting to allowed
block,minecraft:acacia_wall_sign,minecraft,true,false,MANIFEST_DEFAULT,no manifest entry - defaulting to allowed
block,minecraft:infested_deepslate,minecraft,true,false,MANIFEST_DEFAULT,no manifest entry - defaulting to allowed
block,minecraft:lime_wool,minecraft,true,false,MANIFEST_DEFAULT,no manifest entry - defaulting to allowed
block,minecraft:light_gray_wool,minecraft,true,false,MANIFEST_DEFAULT,no manifest entry - defaulting to allowed
block,minecraft:tube_coral_fan,minecraft,true,false,MANIFEST_DEFAULT,no manifest entry - defaulting to allowed
block,minecraft:warped_stem,minecraft,true,false,MANIFEST_DEFAULT,no manifest entry - defaulting to allowed
block,minecraft:waxed_cut_copper,minecraft,true,false,MANIFEST_DEFAULT,no manifest entry - defaulting to allowed
block,minecraft:jungle_leaves,minecraft,true,false,MANIFEST_DEFAULT,no manifest entry - defaulting to allowed
block,minecraft:stripped_crimson_stem,minecraft,true,false,MANIFEST_DEFAULT,no manifest entry - defaulting to allowed
block,minecraft:light_blue_carpet,minecraft,true,false,MANIFEST_DEFAULT,no manifest entry - defaulting to allowed
block,minecraft:chiseled_polished_blackstone,minecraft,true,false,MANIFEST_DEFAULT,no manifest entry - defaulting to allowed
block,minecraft:warped_wall_hanging_sign,minecraft,true,false,MANIFEST_DEFAULT,no manifest entry - defaulting to allowed
block,minecraft:brain_coral_block,minecraft,true,false,MANIFEST_DEFAULT,no manifest entry - defaulting to allowed
block,minecraft:soul_wall_torch,minecraft,true,false,MANIFEST_DEFAULT,no manifest entry - defaulting to allowed
block,minecraft:potted_acacia_sapling,minecraft,true,false,MANIFEST_DEFAULT,no manifest entry - defaulting to allowed
block,minecraft:cobbled_deepslate_stairs,minecraft,true,false,MANIFEST_DEFAULT,no manifest entry - defaulting to allowed
block,minecraft:light_blue_banner,minecraft,true,false,MANIFEST_DEFAULT,no manifest entry - defaulting to allowed
block,minecraft:fletching_table,minecraft,true,false,MANIFEST_DEFAULT,no manifest entry - defaulting to allowed
block,minecraft:dragon_wall_head,minecraft,true,false,MANIFEST_DEFAULT,no manifest entry - defaulting to allowed
block,minecraft:mossy_cobblestone_wall,minecraft,true,false,MANIFEST_DEFAULT,no manifest entry - defaulting to allowed
block,minecraft:chipped_anvil,minecraft,true,false,MANIFEST_DEFAULT,no manifest entry - defaulting to allowed
block,minecraft:powder_snow_cauldron,minecraft,true,false,MANIFEST_DEFAULT,no manifest entry - defaulting to allowed
block,minecraft:red_banner,minecraft,true,false,MANIFEST_DEFAULT,no manifest entry - defaulting to allowed
block,minecraft:purpur_pillar,minecraft,true,false,MANIFEST_DEFAULT,no manifest entry - defaulting to allowed
block,minecraft:heavy_weighted_pressure_plate,minecraft,true,false,MANIFEST_DEFAULT,no manifest entry - defaulting to allowed
block,minecraft:pink_stained_glass,minecraft,true,false,MANIFEST_DEFAULT,no manifest entry - defaulting to allowed
block,minecraft:cyan_concrete,minecraft,true,false,MANIFEST_DEFAULT,no manifest entry - defaulting to allowed
block,minecraft:deepslate_tile_slab,minecraft,true,false,MANIFEST_DEFAULT,no manifest entry - defaulting to allowed
block,minecraft:stripped_birch_wood,minecraft,true,false,MANIFEST_DEFAULT,no manifest entry - defaulting to allowed
block,minecraft:waxed_oxidized_cut_copper_slab,minecraft,true,false,MANIFEST_DEFAULT,no manifest entry - defaulting to allowed
block,minecraft:sculk_catalyst,minecraft,true,false,MANIFEST_DEFAULT,no manifest entry - defaulting to allowed
block,minecraft:polished_blackstone_stairs,minecraft,true,false,MANIFEST_DEFAULT,no manifest entry - defaulting to allowed
block,minecraft:lime_banner,minecraft,true,false,MANIFEST_DEFAULT,no manifest entry - defaulting to allowed
block,minecraft:kelp,minecraft,true,false,MANIFEST_DEFAULT,no manifest entry - defaulting to allowed
block,minecraft:stone_pressure_plate,minecraft,true,false,MANIFEST_DEFAULT,no manifest entry - defaulting to allowed
block,minecraft:deepslate_brick_stairs,minecraft,true,false,MANIFEST_DEFAULT,no manifest entry - defaulting to allowed
block,minecraft:dropper,minecraft,true,false,MANIFEST_DEFAULT,no manifest entry - defaulting to allowed
block,minecraft:redstone_lamp,minecraft,true,false,MANIFEST_DEFAULT,no manifest entry - defaulting to allowed
block,minecraft:yellow_stained_glass_pane,minecraft,true,false,MANIFEST_DEFAULT,no manifest entry - defaulting to allowed
block,minecraft:black_carpet,minecraft,true,false,MANIFEST_DEFAULT,no manifest entry - defaulting to allowed
block,minecraft:end_rod,minecraft,true,false,MANIFEST_DEFAULT,no manifest entry - defaulting to allowed
block,minecraft:dead_bubble_coral_fan,minecraft,true,false,MANIFEST_DEFAULT,no manifest entry - defaulting to allowed
block,minecraft:piston_head,minecraft,true,false,MANIFEST_DEFAULT,no manifest entry - defaulting to allowed
block,minecraft:azalea_leaves,minecraft,true,false,MANIFEST_DEFAULT,no manifest entry - defaulting to allowed
block,minecraft:bamboo_mosaic_stairs,minecraft,true,false,MANIFEST_DEFAULT,no manifest entry - defaulting to allowed
block,minecraft:mossy_cobblestone,minecraft,true,false,MANIFEST_DEFAULT,no manifest entry - defaulting to allowed
block,minecraft:cyan_wall_banner,minecraft,true,false,MANIFEST_DEFAULT,no manifest entry - defaulting to allowed
block,minecraft:frosted_ice,minecraft,true,false,MANIFEST_DEFAULT,no manifest entry - defaulting to allowed
block,minecraft:weathered_cut_copper_stairs,minecraft,true,false,MANIFEST_DEFAULT,no manifest entry - defaulting to allowed
block,minecraft:warped_button,minecraft,true,false,MANIFEST_DEFAULT,no manifest entry - defaulting to allowed
block,minecraft:cherry_wall_sign,minecraft,true,false,MANIFEST_DEFAULT,no manifest entry - defaulting to allowed
block,minecraft:polished_deepslate,minecraft,true,false,MANIFEST_DEFAULT,no manifest entry - defaulting to allowed
block,minecraft:potted_oxeye_daisy,minecraft,true,false,MANIFEST_DEFAULT,no manifest entry - defaulting to allowed
block,minecraft:tube_coral,minecraft,true,false,MANIFEST_DEFAULT,no manifest entry - defaulting to allowed
block,minecraft:brown_shulker_box,minecraft,true,false,MANIFEST_DEFAULT,no manifest entry - defaulting to allowed
block,minecraft:torch,minecraft,true,false,MANIFEST_DEFAULT,no manifest entry - defaulting to allowed
block,minecraft:polished_granite_stairs,minecraft,true,false,MANIFEST_DEFAULT,no manifest entry - defaulting to allowed
block,minecraft:mangrove_wall_sign,minecraft,true,false,MANIFEST_DEFAULT,no manifest entry - defaulting to allowed
block,minecraft:lever,minecraft,true,false,MANIFEST_DEFAULT,no manifest entry - defaulting to allowed
block,minecraft:azalea,minecraft,true,false,MANIFEST_DEFAULT,no manifest entry - defaulting to allowed
block,minecraft:suspicious_gravel,minecraft,true,false,MANIFEST_DEFAULT,no manifest entry - defaulting to allowed
block,minecraft:nether_quartz_ore,minecraft,true,false,MANIFEST_DEFAULT,no manifest entry - defaulting to allowed
block,minecraft:potted_bamboo,minecraft,true,false,MANIFEST_DEFAULT,no manifest entry - defaulting to allowed
block,minecraft:brain_coral,minecraft,true,false,MANIFEST_DEFAULT,no manifest entry - defaulting to allowed
block,minecraft:potatoes,minecraft,true,false,MANIFEST_DEFAULT,no manifest entry - defaulting to allowed
block,minecraft:detector_rail,minecraft,true,false,MANIFEST_DEFAULT,no manifest entry - defaulting to allowed
block,minecraft:stripped_acacia_log,minecraft,true,false,MANIFEST_DEFAULT,no manifest entry - defaulting to allowed
block,minecraft:pink_bed,minecraft,true,false,MANIFEST_DEFAULT,no manifest entry - defaulting to allowed
block,minecraft:waxed_exposed_copper,minecraft,true,false,MANIFEST_DEFAULT,no manifest entry - defaulting to allowed
block,minecraft:potted_oak_sapling,minecraft,true,false,MANIFEST_DEFAULT,no manifest entry - defaulting to allowed
block,minecraft:blue_concrete,minecraft,true,false,MANIFEST_DEFAULT,no manifest entry - defaulting to allowed
block,minecraft:blackstone_slab,minecraft,true,false,MANIFEST_DEFAULT,no manifest entry - defaulting to allowed
block,minecraft:damaged_anvil,minecraft,true,false,MANIFEST_DEFAULT,no manifest entry - defaulting to allowed
block,minecraft:bamboo_slab,minecraft,true,false,MANIFEST_DEFAULT,no manifest entry - defaulting to allowed
block,minecraft:crimson_sign,minecraft,true,false,MANIFEST_DEFAULT,no manifest entry - defaulting to allowed
block,minecraft:spore_blossom,minecraft,true,false,MANIFEST_DEFAULT,no manifest entry - defaulting to allowed
block,minecraft:spawner,minecraft,true,false,MANIFEST_DEFAULT,no manifest entry - defaulting to allowed
block,minecraft:dark_oak_trapdoor,minecraft,true,false,MANIFEST_DEFAULT,no manifest entry - defaulting to allowed
block,minecraft:black_banner,minecraft,true,false,MANIFEST_DEFAULT,no manifest entry - defaulting to allowed
block,minecraft:stone_brick_slab,minecraft,true,false,MANIFEST_DEFAULT,"manifest.json (keep, added b1.8, verified)"
block,minecraft:waxed_weathered_copper,minecraft,true,false,MANIFEST_DEFAULT,no manifest entry - defaulting to allowed
block,minecraft:potted_pink_tulip,minecraft,true,false,MANIFEST_DEFAULT,no manifest entry - defaulting to allowed
block,minecraft:deepslate_redstone_ore,minecraft,true,false,MANIFEST_DEFAULT,no manifest entry - defaulting to allowed
block,minecraft:polished_blackstone_pressure_plate,minecraft,true,false,MANIFEST_DEFAULT,no manifest entry - defaulting to allowed
block,minecraft:quartz_bricks,minecraft,true,false,MANIFEST_DEFAULT,no manifest entry - defaulting to allowed
block,minecraft:crafting_table,minecraft,true,false,MANIFEST_DEFAULT,no manifest entry - defaulting to allowed
block,minecraft:black_wall_banner,minecraft,true,false,MANIFEST_DEFAULT,no manifest entry - defaulting to allowed
block,minecraft:moving_piston,minecraft,true,false,MANIFEST_DEFAULT,no manifest entry - defaulting to allowed
block,minecraft:sandstone_wall,minecraft,true,false,MANIFEST_DEFAULT,no manifest entry - defaulting to allowed
block,minecraft:purple_concrete,minecraft,true,false,MANIFEST_DEFAULT,no manifest entry - defaulting to allowed
block,minecraft:red_sandstone_wall,minecraft,true,false,MANIFEST_DEFAULT,no manifest entry - defaulting to allowed
block,minecraft:polished_deepslate_slab,minecraft,true,false,MANIFEST_DEFAULT,no manifest entry - defaulting to allowed
block,minecraft:dark_oak_wood,minecraft,true,false,MANIFEST_DEFAULT,no manifest entry - defaulting to allowed
block,minecraft:cut_copper_slab,minecraft,true,false,MANIFEST_DEFAULT,no manifest entry - defaulting to allowed
block,minecraft:birch_hanging_sign,minecraft,true,false,MANIFEST_DEFAULT,no manifest entry - defaulting to allowed
block,minecraft:light_blue_wool,minecraft,true,false,MANIFEST_DEFAULT,no manifest entry - defaulting to allowed
block,minecraft:infested_mossy_stone_bricks,minecraft,true,false,MANIFEST_DEFAULT,no manifest entry - defaulting to allowed
block,minecraft:light_gray_concrete,minecraft,true,false,MANIFEST_DEFAULT,no manifest entry - defaulting to allowed
block,minecraft:orange_wool,minecraft,true,false,MANIFEST_DEFAULT,no manifest entry - defaulting to allowed
block,minecraft:pink_carpet,minecraft,true,false,MANIFEST_DEFAULT,no manifest entry - defaulting to allowed
block,minecraft:orange_glazed_terracotta,minecraft,true,false,MANIFEST_DEFAULT,no manifest entry - defaulting to allowed
block,minecraft:gray_glazed_terracotta,minecraft,true,false,MANIFEST_DEFAULT,no manifest entry - defaulting to allowed
block,minecraft:acacia_stairs,minecraft,true,false,MANIFEST_DEFAULT,no manifest entry - defaulting to allowed
block,minecraft:cherry_slab,minecraft,true,false,MANIFEST_DEFAULT,no manifest entry - defaulting to allowed
block,minecraft:deepslate_bricks,minecraft,true,false,MANIFEST_DEFAULT,no manifest entry - defaulting to allowed
block,minecraft:raw_gold_block,minecraft,true,false,MANIFEST_DEFAULT,no manifest entry - defaulting to allowed
block,minecraft:birch_door,minecraft,true,false,MANIFEST_DEFAULT,no manifest entry - defaulting to allowed
block,minecraft:rooted_dirt,minecraft,true,false,MANIFEST_DEFAULT,no manifest entry - defaulting to allowed
block,minecraft:anvil,minecraft,true,false,MANIFEST_DEFAULT,no manifest entry - defaulting to allowed
block,minecraft:red_concrete,minecraft,true,false,MANIFEST_DEFAULT,no manifest entry - defaulting to allowed
block,minecraft:stripped_acacia_wood,minecraft,true,false,MANIFEST_DEFAULT,no manifest entry - defaulting to allowed
block,minecraft:wither_skeleton_wall_skull,minecraft,true,false,MANIFEST_DEFAULT,no manifest entry - defaulting to allowed
block,minecraft:waxed_weathered_cut_copper_stairs,minecraft,true,false,MANIFEST_DEFAULT,no manifest entry - defaulting to allowed
block,minecraft:mossy_stone_brick_stairs,minecraft,true,false,MANIFEST_DEFAULT,no manifest entry - defaulting to allowed
block,minecraft:oak_trapdoor,minecraft,true,false,MANIFEST_DEFAULT,no manifest entry - defaulting to allowed
block,minecraft:jungle_sapling,minecraft,true,false,MANIFEST_DEFAULT,no manifest entry - defaulting to allowed
block,minecraft:amethyst_block,minecraft,true,false,MANIFEST_DEFAULT,no manifest entry - defaulting to allowed
block,minecraft:oak_door,minecraft,true,false,MANIFEST_DEFAULT,no manifest entry - defaulting to allowed
block,minecraft:sniffer_egg,minecraft,true,false,MANIFEST_DEFAULT,no manifest entry - defaulting to allowed
block,minecraft:blue_candle_cake,minecraft,true,false,MANIFEST_DEFAULT,no manifest entry - defaulting to allowed
block,minecraft:orange_bed,minecraft,true,false,MANIFEST_DEFAULT,no manifest entry - defaulting to allowed
block,minecraft:birch_button,minecraft,true,false,MANIFEST_DEFAULT,no manifest entry - defaulting to allowed
block,minecraft:potted_torchflower,minecraft,true,false,MANIFEST_DEFAULT,no manifest entry - defaulting to allowed
block,minecraft:chorus_plant,minecraft,true,false,MANIFEST_DEFAULT,no manifest entry - defaulting to allowed
block,minecraft:birch_fence_gate,minecraft,true,false,MANIFEST_DEFAULT,no manifest entry - defaulting to allowed
block,minecraft:light_gray_candle_cake,minecraft,true,false,MANIFEST_DEFAULT,no manifest entry - defaulting to allowed
block,minecraft:mangrove_propagule,minecraft,true,false,MANIFEST_DEFAULT,no manifest entry - defaulting to allowed
block,minecraft:mangrove_wall_hanging_sign,minecraft,true,false,MANIFEST_DEFAULT,no manifest entry - defaulting to allowed
block,minecraft:potted_poppy,minecraft,true,false,MANIFEST_DEFAULT,no manifest entry - defaulting to allowed
block,minecraft:black_glazed_terracotta,minecraft,true,false,MANIFEST_DEFAULT,no manifest entry - defaulting to allowed
block,minecraft:potted_allium,minecraft,true,false,MANIFEST_DEFAULT,no manifest entry - defaulting to allowed
block,minecraft:player_wall_head,minecraft,true,false,MANIFEST_DEFAULT,no manifest entry - defaulting to allowed
block,minecraft:cyan_bed,minecraft,true,false,MANIFEST_DEFAULT,no manifest entry - defaulting to allowed
block,minecraft:spruce_door,minecraft,true,false,MANIFEST_DEFAULT,no manifest entry - defaulting to allowed
block,minecraft:smooth_quartz_slab,minecraft,true,false,MANIFEST_DEFAULT,no manifest entry - defaulting to allowed
block,minecraft:red_stained_glass_pane,minecraft,true,false,MANIFEST_DEFAULT,no manifest entry - defaulting to allowed
block,minecraft:ochre_froglight,minecraft,true,false,MANIFEST_DEFAULT,no manifest entry - defaulting to allowed
block,minecraft:brown_wool,minecraft,true,false,MANIFEST_DEFAULT,no manifest entry - defaulting to allowed
block,minecraft:brick_wall,minecraft,true,false,MANIFEST_DEFAULT,no manifest entry - defaulting to allowed
block,minecraft:raw_copper_block,minecraft,true,false,MANIFEST_DEFAULT,no manifest entry - defaulting to allowed
block,minecraft:purple_bed,minecraft,true,false,MANIFEST_DEFAULT,no manifest entry - defaulting to allowed
block,minecraft:orange_concrete,minecraft,true,false,MANIFEST_DEFAULT,no manifest entry - defaulting to allowed
block,minecraft:mud_brick_wall,minecraft,true,false,MANIFEST_DEFAULT,no manifest entry - defaulting to allowed
block,minecraft:warped_wart_block,minecraft,true,false,MANIFEST_DEFAULT,no manifest entry - defaulting to allowed
block,minecraft:dark_prismarine,minecraft,true,false,MANIFEST_DEFAULT,no manifest entry - defaulting to allowed
block,minecraft:pumpkin,minecraft,true,false,MANIFEST_DEFAULT,no manifest entry - defaulting to allowed
block,minecraft:raw_iron_block,minecraft,true,false,MANIFEST_DEFAULT,no manifest entry - defaulting to allowed
block,minecraft:dark_oak_planks,minecraft,true,false,MANIFEST_DEFAULT,no manifest entry - defaulting to allowed
block,minecraft:dead_horn_coral,minecraft,true,false,MANIFEST_DEFAULT,no manifest entry - defaulting to allowed
block,minecraft:candle,minecraft,true,false,MANIFEST_DEFAULT,no manifest entry - defaulting to allowed
block,minecraft:lightning_rod,minecraft,true,false,MANIFEST_DEFAULT,no manifest entry - defaulting to allowed
block,minecraft:oak_button,minecraft,true,false,MANIFEST_DEFAULT,no manifest entry - defaulting to allowed
block,minecraft:granite_wall,minecraft,true,false,MANIFEST_DEFAULT,no manifest entry - defaulting to allowed
block,minecraft:orange_concrete_powder,minecraft,true,false,MANIFEST_DEFAULT,no manifest entry - defaulting to allowed
block,minecraft:dark_oak_hanging_sign,minecraft,true,false,MANIFEST_DEFAULT,no manifest entry - defaulting to allowed
block,minecraft:petrified_oak_slab,minecraft,true,false,MANIFEST_DEFAULT,no manifest entry - defaulting to allowed
block,minecraft:redstone_block,minecraft,true,false,MANIFEST_DEFAULT,no manifest entry - defaulting to allowed
block,minecraft:wheat,minecraft,true,false,MANIFEST_DEFAULT,no manifest entry - defaulting to allowed
block,minecraft:honeycomb_block,minecraft,true,false,MANIFEST_DEFAULT,no manifest entry - defaulting to allowed
block,minecraft:orange_stained_glass_pane,minecraft,true,false,MANIFEST_DEFAULT,no manifest entry - defaulting to allowed
block,minecraft:sculk_vein,minecraft,true,false,MANIFEST_DEFAULT,no manifest entry - defaulting to allowed
block,minecraft:acacia_sapling,minecraft,true,false,MANIFEST_DEFAULT,no manifest entry - defaulting to allowed
block,minecraft:quartz_block,minecraft,true,false,MANIFEST_DEFAULT,no manifest entry - defaulting to allowed
block,minecraft:potted_crimson_roots,minecraft,true,false,MANIFEST_DEFAULT,no manifest entry - defaulting to allowed
block,minecraft:warped_fungus,minecraft,true,false,MANIFEST_DEFAULT,no manifest entry - defaulting to allowed
block,minecraft:cobbled_deepslate,minecraft,true,false,MANIFEST_DEFAULT,no manifest entry - defaulting to allowed
block,minecraft:warped_fence,minecraft,true,false,MANIFEST_DEFAULT,no manifest entry - defaulting to allowed
block,minecraft:dark_oak_fence_gate,minecraft,true,false,MANIFEST_DEFAULT,no manifest entry - defaulting to allowed
block,minecraft:waxed_exposed_cut_copper,minecraft,true,false,MANIFEST_DEFAULT,no manifest entry - defaulting to allowed
block,minecraft:dead_bubble_coral_wall_fan,minecraft,true,false,MANIFEST_DEFAULT,no manifest entry - defaulting to allowed
block,minecraft:powder_snow,minecraft,true,false,MANIFEST_DEFAULT,no manifest entry - defaulting to allowed
block,minecraft:dirt,minecraft,true,false,MANIFEST_DEFAULT,no manifest entry - defaulting to allowed
block,minecraft:andesite_stairs,minecraft,true,false,MANIFEST_DEFAULT,no manifest entry - defaulting to allowed
block,minecraft:pink_concrete,minecraft,true,false,MANIFEST_DEFAULT,no manifest entry - defaulting to allowed
block,minecraft:water_cauldron,minecraft,true,false,MANIFEST_DEFAULT,no manifest entry - defaulting to allowed
block,minecraft:jungle_slab,minecraft,true,false,MANIFEST_DEFAULT,no manifest entry - defaulting to allowed
block,minecraft:loom,minecraft,true,false,MANIFEST_DEFAULT,no manifest entry - defaulting to allowed
block,minecraft:birch_log,minecraft,true,false,MANIFEST_DEFAULT,no manifest entry - defaulting to allowed
block,minecraft:creeper_wall_head,minecraft,true,false,MANIFEST_DEFAULT,no manifest entry - defaulting to allowed
block,minecraft:smoker,minecraft,true,false,MANIFEST_DEFAULT,no manifest entry - defaulting to allowed
block,minecraft:oak_leaves,minecraft,true,false,MANIFEST_DEFAULT,no manifest entry - defaulting to allowed
block,minecraft:light_blue_candle_cake,minecraft,true,false,MANIFEST_DEFAULT,no manifest entry - defaulting to allowed
block,minecraft:carrots,minecraft,true,false,MANIFEST_DEFAULT,no manifest entry - defaulting to allowed
block,minecraft:oak_fence_gate,minecraft,true,false,MANIFEST_DEFAULT,"manifest.json (keep, added b1.8, verified)"
block,minecraft:green_shulker_box,minecraft,true,false,MANIFEST_DEFAULT,no manifest entry - defaulting to allowed
block,minecraft:potted_orange_tulip,minecraft,true,false,MANIFEST_DEFAULT,no manifest entry - defaulting to allowed
block,minecraft:ice,minecraft,true,false,MANIFEST_DEFAULT,no manifest entry - defaulting to allowed
block,minecraft:mossy_stone_brick_wall,minecraft,true,false,MANIFEST_DEFAULT,no manifest entry - defaulting to allowed
block,minecraft:white_candle_cake,minecraft,true,false,MANIFEST_DEFAULT,no manifest entry - defaulting to allowed
block,minecraft:granite,minecraft,true,false,MANIFEST_DEFAULT,no manifest entry - defaulting to allowed
block,minecraft:bubble_coral_fan,minecraft,true,false,MANIFEST_DEFAULT,no manifest entry - defaulting to allowed
block,minecraft:brick_slab,minecraft,true,false,MANIFEST_DEFAULT,"manifest.json (keep, added b1.8, verified)"
block,minecraft:red_sandstone_stairs,minecraft,true,false,MANIFEST_DEFAULT,no manifest entry - defaulting to allowed
block,minecraft:pitcher_crop,minecraft,true,false,MANIFEST_DEFAULT,no manifest entry - defaulting to allowed
block,minecraft:bricks,minecraft,true,false,MANIFEST_DEFAULT,no manifest entry - defaulting to allowed
block,minecraft:carved_pumpkin,minecraft,true,false,MANIFEST_DEFAULT,no manifest entry - defaulting to allowed
block,minecraft:melon_stem,minecraft,true,false,MANIFEST_DEFAULT,no manifest entry - defaulting to allowed
block,minecraft:red_sandstone_slab,minecraft,true,false,MANIFEST_DEFAULT,no manifest entry - defaulting to allowed
block,minecraft:gray_stained_glass_pane,minecraft,true,false,MANIFEST_DEFAULT,no manifest entry - defaulting to allowed
block,minecraft:gray_carpet,minecraft,true,false,MANIFEST_DEFAULT,no manifest entry - defaulting to allowed
block,minecraft:oxidized_cut_copper_stairs,minecraft,true,false,MANIFEST_DEFAULT,no manifest entry - defaulting to allowed
block,minecraft:green_wool,minecraft,true,false,MANIFEST_DEFAULT,no manifest entry - defaulting to allowed
block,minecraft:lily_pad,minecraft,true,false,MANIFEST_DEFAULT,no manifest entry - defaulting to allowed
block,minecraft:yellow_glazed_terracotta,minecraft,true,false,MANIFEST_DEFAULT,no manifest entry - defaulting to allowed
block,minecraft:spruce_log,minecraft,true,false,MANIFEST_DEFAULT,no manifest entry - defaulting to allowed
block,minecraft:mangrove_trapdoor,minecraft,true,false,MANIFEST_DEFAULT,no manifest entry - defaulting to allowed
block,minecraft:andesite,minecraft,true,false,MANIFEST_DEFAULT,no manifest entry - defaulting to allowed
block,minecraft:crimson_hanging_sign,minecraft,true,false,MANIFEST_DEFAULT,no manifest entry - defaulting to allowed
block,minecraft:deepslate_tile_wall,minecraft,true,false,MANIFEST_DEFAULT,no manifest entry - defaulting to allowed
block,minecraft:blue_shulker_box,minecraft,true,false,MANIFEST_DEFAULT,no manifest entry - defaulting to allowed
block,minecraft:polished_deepslate_stairs,minecraft,true,false,MANIFEST_DEFAULT,no manifest entry - defaulting to allowed
block,minecraft:lily_of_the_valley,minecraft,true,false,MANIFEST_DEFAULT,no manifest entry - defaulting to allowed
block,minecraft:exposed_cut_copper,minecraft,true,false,MANIFEST_DEFAULT,no manifest entry - defaulting to allowed
block,minecraft:polished_blackstone,minecraft,true,false,MANIFEST_DEFAULT,no manifest entry - defaulting to allowed
block,minecraft:mangrove_hanging_sign,minecraft,true,false,MANIFEST_DEFAULT,no manifest entry - defaulting to allowed
block,minecraft:pink_petals,minecraft,true,false,MANIFEST_DEFAULT,no manifest entry - defaulting to allowed
block,minecraft:magenta_candle_cake,minecraft,true,false,MANIFEST_DEFAULT,no manifest entry - defaulting to allowed
block,minecraft:gray_candle_cake,minecraft,true,false,MANIFEST_DEFAULT,no manifest entry - defaulting to allowed
block,minecraft:pointed_dripstone,minecraft,true,false,MANIFEST_DEFAULT,no manifest entry - defaulting to allowed
block,minecraft:red_nether_brick_stairs,minecraft,true,false,MANIFEST_DEFAULT,no manifest entry - defaulting to allowed
block,minecraft:jungle_pressure_plate,minecraft,true,false,MANIFEST_DEFAULT,no manifest entry - defaulting to allowed
block,minecraft:dark_oak_stairs,minecraft,true,false,MANIFEST_DEFAULT,no manifest entry - defaulting to allowed
block,minecraft:brewing_stand,minecraft,true,false,MANIFEST_DEFAULT,no manifest entry - defaulting to allowed
block,minecraft:white_candle,minecraft,true,false,MANIFEST_DEFAULT,no manifest entry - defaulting to allowed
block,minecraft:netherrack,minecraft,true,false,MANIFEST_DEFAULT,no manifest entry - defaulting to allowed
block,minecraft:bamboo_mosaic_slab,minecraft,true,false,MANIFEST_DEFAULT,no manifest entry - defaulting to allowed
block,minecraft:red_tulip,minecraft,true,false,MANIFEST_DEFAULT,no manifest entry - defaulting to allowed
block,minecraft:tuff,minecraft,true,false,MANIFEST_DEFAULT,no manifest entry - defaulting to allowed
block,minecraft:emerald_ore,minecraft,true,false,MANIFEST_DEFAULT,no manifest entry - defaulting to allowed
block,minecraft:orange_wall_banner,minecraft,true,false,MANIFEST_DEFAULT,no manifest entry - defaulting to allowed
block,minecraft:polished_blackstone_brick_wall,minecraft,true,false,MANIFEST_DEFAULT,no manifest entry - defaulting to allowed
block,minecraft:jungle_button,minecraft,true,false,MANIFEST_DEFAULT,no manifest entry - defaulting to allowed
block,minecraft:dead_brain_coral,minecraft,true,false,MANIFEST_DEFAULT,no manifest entry - defaulting to allowed
block,minecraft:birch_wall_hanging_sign,minecraft,true,false,MANIFEST_DEFAULT,no manifest entry - defaulting to allowed
block,minecraft:packed_ice,minecraft,true,false,MANIFEST_DEFAULT,no manifest entry - defaulting to allowed
block,minecraft:stone,minecraft,true,false,MANIFEST_DEFAULT,no manifest entry - defaulting to allowed
block,minecraft:blackstone_stairs,minecraft,true,false,MANIFEST_DEFAULT,no manifest entry - defaulting to allowed
block,minecraft:blue_banner,minecraft,true,false,MANIFEST_DEFAULT,no manifest entry - defaulting to allowed
block,minecraft:potted_cactus,minecraft,true,false,MANIFEST_DEFAULT,no manifest entry - defaulting to allowed
block,minecraft:prismarine_wall,minecraft,true,false,MANIFEST_DEFAULT,no manifest entry - defaulting to allowed
block,minecraft:diamond_block,minecraft,true,false,MANIFEST_DEFAULT,no manifest entry - defaulting to allowed
block,minecraft:potted_warped_roots,minecraft,true,false,MANIFEST_DEFAULT,no manifest entry - defaulting to allowed
block,minecraft:mangrove_log,minecraft,true,false,MANIFEST_DEFAULT,no manifest entry - defaulting to allowed
block,minecraft:diorite_slab,minecraft,true,false,MANIFEST_DEFAULT,no manifest entry - defaulting to allowed
block,minecraft:tube_coral_block,minecraft,true,false,MANIFEST_DEFAULT,no manifest entry - defaulting to allowed
block,minecraft:spruce_trapdoor,minecraft,true,false,MANIFEST_DEFAULT,no manifest entry - defaulting to allowed
block,minecraft:yellow_stained_glass,minecraft,true,false,MANIFEST_DEFAULT,no manifest entry - defaulting to allowed
block,minecraft:light_blue_stained_glass,minecraft,true,false,MANIFEST_DEFAULT,no manifest entry - defaulting to allowed
block,minecraft:poppy,minecraft,true,false,MANIFEST_DEFAULT,no manifest entry - defaulting to allowed
block,minecraft:glowstone,minecraft,true,false,MANIFEST_DEFAULT,no manifest entry - defaulting to allowed
block,minecraft:respawn_anchor,minecraft,true,false,MANIFEST_DEFAULT,no manifest entry - defaulting to allowed
block,minecraft:fire,minecraft,true,false,MANIFEST_DEFAULT,no manifest entry - defaulting to allowed
block,minecraft:cobbled_deepslate_wall,minecraft,true,false,MANIFEST_DEFAULT,no manifest entry - defaulting to allowed
block,minecraft:deepslate_brick_slab,minecraft,true,false,MANIFEST_DEFAULT,no manifest entry - defaulting to allowed
block,minecraft:red_nether_brick_wall,minecraft,true,false,MANIFEST_DEFAULT,no manifest entry - defaulting to allowed
block,minecraft:oak_sapling,minecraft,true,false,MANIFEST_DEFAULT,no manifest entry - defaulting to allowed
block,minecraft:chiseled_red_sandstone,minecraft,true,false,MANIFEST_DEFAULT,no manifest entry - defaulting to allowed
block,minecraft:dark_oak_log,minecraft,true,false,MANIFEST_DEFAULT,no manifest entry - defaulting to allowed
block,minecraft:nether_brick_fence,minecraft,true,false,MANIFEST_DEFAULT,no manifest entry - defaulting to allowed
block,minecraft:orange_candle_cake,minecraft,true,false,MANIFEST_DEFAULT,no manifest entry - defaulting to allowed
block,minecraft:suspicious_sand,minecraft,true,false,MANIFEST_DEFAULT,no manifest entry - defaulting to allowed
block,minecraft:smooth_stone,minecraft,true,false,MANIFEST_DEFAULT,no manifest entry - defaulting to allowed
block,minecraft:blackstone_wall,minecraft,true,false,MANIFEST_DEFAULT,no manifest entry - defaulting to allowed
block,minecraft:bookshelf,minecraft,true,false,MANIFEST_DEFAULT,no manifest entry - defaulting to allowed
block,minecraft:copper_ore,minecraft,true,false,MANIFEST_DEFAULT,no manifest entry - defaulting to allowed
block,minecraft:crimson_wall_hanging_sign,minecraft,true,false,MANIFEST_DEFAULT,no manifest entry - defaulting to allowed
block,minecraft:dark_prismarine_stairs,minecraft,true,false,MANIFEST_DEFAULT,no manifest entry - defaulting to allowed
block,minecraft:white_wall_banner,minecraft,true,false,MANIFEST_DEFAULT,no manifest entry - defaulting to allowed
block,minecraft:light_gray_candle,minecraft,true,false,MANIFEST_DEFAULT,no manifest entry - defaulting to allowed
block,minecraft:lapis_block,minecraft,true,false,MANIFEST_DEFAULT,no manifest entry - defaulting to allowed
block,minecraft:purple_carpet,minecraft,true,false,MANIFEST_DEFAULT,no manifest entry - defaulting to allowed
block,minecraft:fire_coral_block,minecraft,true,false,MANIFEST_DEFAULT,no manifest entry - defaulting to allowed
block,minecraft:piglin_wall_head,minecraft,true,false,MANIFEST_DEFAULT,no manifest entry - defaulting to allowed
block,minecraft:brown_candle_cake,minecraft,true,false,MANIFEST_DEFAULT,no manifest entry - defaulting to allowed
block,minecraft:brown_stained_glass_pane,minecraft,true,false,MANIFEST_DEFAULT,no manifest entry - defaulting to allowed
block,minecraft:black_terracotta,minecraft,true,false,MANIFEST_DEFAULT,no manifest entry - defaulting to allowed
block,minecraft:magenta_shulker_box,minecraft,true,false,MANIFEST_DEFAULT,no manifest entry - defaulting to allowed
block,minecraft:snow_block,minecraft,true,false,MANIFEST_DEFAULT,no manifest entry - defaulting to allowed
block,minecraft:cherry_sign,minecraft,true,false,MANIFEST_DEFAULT,no manifest entry - defaulting to allowed
block,minecraft:potted_dead_bush,minecraft,true,false,MANIFEST_DEFAULT,no manifest entry - defaulting to allowed
block,minecraft:nether_wart,minecraft,true,false,MANIFEST_DEFAULT,no manifest entry - defaulting to allowed
block,minecraft:piglin_head,minecraft,true,false,MANIFEST_DEFAULT,no manifest entry - defaulting to allowed
block,minecraft:podzol,minecraft,true,false,MANIFEST_DEFAULT,no manifest entry - defaulting to allowed
block,minecraft:cyan_wool,minecraft,true,false,MANIFEST_DEFAULT,no manifest entry - defaulting to allowed
block,minecraft:sandstone_stairs,minecraft,true,false,MANIFEST_DEFAULT,no manifest entry - defaulting to allowed
block,minecraft:composter,minecraft,true,false,MANIFEST_DEFAULT,no manifest entry - defaulting to allowed
block,minecraft:cactus,minecraft,true,false,MANIFEST_DEFAULT,no manifest entry - defaulting to allowed
block,minecraft:jukebox,minecraft,true,false,MANIFEST_DEFAULT,no manifest entry - defaulting to allowed
block,minecraft:light_gray_terracotta,minecraft,true,false,MANIFEST_DEFAULT,no manifest entry - defaulting to allowed
block,minecraft:white_bed,minecraft,true,false,MANIFEST_DEFAULT,no manifest entry - defaulting to allowed
block,minecraft:birch_slab,minecraft,true,false,MANIFEST_DEFAULT,no manifest entry - defaulting to allowed
block,minecraft:spruce_slab,minecraft,true,false,MANIFEST_DEFAULT,no manifest entry - defaulting to allowed
block,minecraft:peony,minecraft,true,false,MANIFEST_DEFAULT,no manifest entry - defaulting to allowed
block,minecraft:coarse_dirt,minecraft,true,false,MANIFEST_DEFAULT,no manifest entry - defaulting to allowed
block,minecraft:acacia_sign,minecraft,true,false,MANIFEST_DEFAULT,no manifest entry - defaulting to allowed
block,minecraft:waxed_cut_copper_stairs,minecraft,true,false,MANIFEST_DEFAULT,no manifest entry - defaulting to allowed
block,minecraft:sea_lantern,minecraft,true,false,MANIFEST_DEFAULT,no manifest entry - defaulting to allowed
block,minecraft:yellow_carpet,minecraft,true,false,MANIFEST_DEFAULT,no manifest entry - defaulting to allowed
block,minecraft:dead_bush,minecraft,true,false,MANIFEST_DEFAULT,no manifest entry - defaulting to allowed
block,minecraft:green_candle,minecraft,true,false,MANIFEST_DEFAULT,no manifest entry - defaulting to allowed
block,minecraft:light_blue_shulker_box,minecraft,true,false,MANIFEST_DEFAULT,no manifest entry - defaulting to allowed
block,minecraft:prismarine_slab,minecraft,true,false,MANIFEST_DEFAULT,no manifest entry - defaulting to allowed
block,minecraft:exposed_cut_copper_stairs,minecraft,true,false,MANIFEST_DEFAULT,no manifest entry - defaulting to allowed
block,minecraft:big_dripleaf_stem,minecraft,true,false,MANIFEST_DEFAULT,no manifest entry - defaulting to allowed
block,minecraft:obsidian,minecraft,true,false,MANIFEST_DEFAULT,no manifest entry - defaulting to allowed
block,minecraft:decorated_pot,minecraft,true,false,MANIFEST_DEFAULT,no manifest entry - defaulting to allowed
block,minecraft:light_gray_glazed_terracotta,minecraft,true,false,MANIFEST_DEFAULT,no manifest entry - defaulting to allowed
block,minecraft:magenta_terracotta,minecraft,true,false,MANIFEST_DEFAULT,no manifest entry - defaulting to allowed
block,minecraft:magenta_wall_banner,minecraft,true,false,MANIFEST_DEFAULT,no manifest entry - defaulting to allowed
block,minecraft:turtle_egg,minecraft,true,false,MANIFEST_DEFAULT,no manifest entry - defaulting to allowed
block,minecraft:stripped_mangrove_wood,minecraft,true,false,MANIFEST_DEFAULT,no manifest entry - defaulting to allowed
block,minecraft:farmland,minecraft,true,false,MANIFEST_DEFAULT,no manifest entry - defaulting to allowed
block,minecraft:jungle_wall_hanging_sign,minecraft,true,false,MANIFEST_DEFAULT,no manifest entry - defaulting to allowed
block,minecraft:jungle_fence,minecraft,true,false,MANIFEST_DEFAULT,no manifest entry - defaulting to allowed
block,minecraft:light_weighted_pressure_plate,minecraft,true,false,MANIFEST_DEFAULT,no manifest entry - defaulting to allowed
block,minecraft:cobbled_deepslate_slab,minecraft,true,false,MANIFEST_DEFAULT,no manifest entry - defaulting to allowed
block,minecraft:chorus_flower,minecraft,true,false,MANIFEST_DEFAULT,no manifest entry - defaulting to allowed
block,minecraft:weathered_cut_copper,minecraft,true,false,MANIFEST_DEFAULT,no manifest entry - defaulting to allowed
block,minecraft:iron_door,minecraft,true,false,MANIFEST_DEFAULT,no manifest entry - defaulting to allowed
block,minecraft:purple_stained_glass_pane,minecraft,true,false,MANIFEST_DEFAULT,no manifest entry - defaulting to allowed
block,minecraft:polished_granite,minecraft,true,false,MANIFEST_DEFAULT,no manifest entry - defaulting to allowed
block,minecraft:blue_wall_banner,minecraft,true,false,MANIFEST_DEFAULT,no manifest entry - defaulting to allowed
block,minecraft:mud_brick_slab,minecraft,true,false,MANIFEST_DEFAULT,no manifest entry - defaulting to allowed
block,minecraft:blue_stained_glass_pane,minecraft,true,false,MANIFEST_DEFAULT,no manifest entry - defaulting to allowed
block,minecraft:pink_banner,minecraft,true,false,MANIFEST_DEFAULT,no manifest entry - defaulting to allowed
block,minecraft:oxidized_cut_copper,minecraft,true,false,MANIFEST_DEFAULT,no manifest entry - defaulting to allowed
block,minecraft:chiseled_quartz_block,minecraft,true,false,MANIFEST_DEFAULT,no manifest entry - defaulting to allowed
block,minecraft:soul_campfire,minecraft,true,false,MANIFEST_DEFAULT,no manifest entry - defaulting to allowed
block,minecraft:stripped_warped_hyphae,minecraft,true,false,MANIFEST_DEFAULT,no manifest entry - defaulting to allowed
block,minecraft:bamboo_button,minecraft,true,false,MANIFEST_DEFAULT,no manifest entry - defaulting to allowed
block,minecraft:brown_mushroom_block,minecraft,true,false,MANIFEST_DEFAULT,"manifest.json (keep, added b1.8, verified)"
block,minecraft:crimson_door,minecraft,true,false,MANIFEST_DEFAULT,no manifest entry - defaulting to allowed
block,minecraft:fire_coral_wall_fan,minecraft,true,false,MANIFEST_DEFAULT,no manifest entry - defaulting to allowed
block,minecraft:pink_wool,minecraft,true,false,MANIFEST_DEFAULT,no manifest entry - defaulting to allowed
block,minecraft:dark_oak_sapling,minecraft,true,false,MANIFEST_DEFAULT,no manifest entry - defaulting to allowed
block,minecraft:cherry_hanging_sign,minecraft,true,false,MANIFEST_DEFAULT,no manifest entry - defaulting to allowed
block,minecraft:cherry_trapdoor,minecraft,true,false,MANIFEST_DEFAULT,no manifest entry - defaulting to allowed
block,minecraft:end_stone_bricks,minecraft,true,false,MANIFEST_DEFAULT,no manifest entry - defaulting to allowed
block,minecraft:beetroots,minecraft,true,false,MANIFEST_DEFAULT,no manifest entry - defaulting to allowed
block,minecraft:light_blue_wall_banner,minecraft,true,false,MANIFEST_DEFAULT,no manifest entry - defaulting to allowed
block,minecraft:acacia_trapdoor,minecraft,true,false,MANIFEST_DEFAULT,no manifest entry - defaulting to allowed
block,minecraft:oxidized_copper,minecraft,true,false,MANIFEST_DEFAULT,no manifest entry - defaulting to allowed
block,minecraft:end_stone,minecraft,true,false,MANIFEST_DEFAULT,no manifest entry - defaulting to allowed
block,minecraft:blue_orchid,minecraft,true,false,MANIFEST_DEFAULT,no manifest entry - defaulting to allowed
block,minecraft:black_candle,minecraft,true,false,MANIFEST_DEFAULT,no manifest entry - defaulting to allowed
block,minecraft:light_gray_concrete_powder,minecraft,true,false,MANIFEST_DEFAULT,no manifest entry - defaulting to allowed
block,minecraft:smooth_quartz_stairs,minecraft,true,false,MANIFEST_DEFAULT,no manifest entry - defaulting to allowed
block,minecraft:furnace,minecraft,true,false,MANIFEST_DEFAULT,no manifest entry - defaulting to allowed
block,minecraft:diorite_stairs,minecraft,true,false,MANIFEST_DEFAULT,no manifest entry - defaulting to allowed
block,minecraft:large_amethyst_bud,minecraft,true,false,MANIFEST_DEFAULT,no manifest entry - defaulting to allowed
block,minecraft:crimson_wall_sign,minecraft,true,false,MANIFEST_DEFAULT,no manifest entry - defaulting to allowed
block,minecraft:mangrove_pressure_plate,minecraft,true,false,MANIFEST_DEFAULT,no manifest entry - defaulting to allowed
block,minecraft:cracked_nether_bricks,minecraft,true,false,MANIFEST_DEFAULT,no manifest entry - defaulting to allowed
block,minecraft:potted_dark_oak_sapling,minecraft,true,false,MANIFEST_DEFAULT,no manifest entry - defaulting to allowed
block,minecraft:command_block,minecraft,true,false,MANIFEST_DEFAULT,no manifest entry - defaulting to allowed
block,minecraft:dead_fire_coral_wall_fan,minecraft,true,false,MANIFEST_DEFAULT,no manifest entry - defaulting to allowed
block,minecraft:crimson_fence_gate,minecraft,true,false,MANIFEST_DEFAULT,no manifest entry - defaulting to allowed
block,minecraft:dead_tube_coral_block,minecraft,true,false,MANIFEST_DEFAULT,no manifest entry - defaulting to allowed
block,minecraft:activator_rail,minecraft,true,false,MANIFEST_DEFAULT,no manifest entry - defaulting to allowed
block,minecraft:bamboo_hanging_sign,minecraft,true,false,MANIFEST_DEFAULT,no manifest entry - defaulting to allowed
block,minecraft:repeating_command_block,minecraft,true,false,MANIFEST_DEFAULT,no manifest entry - defaulting to allowed
block,minecraft:skeleton_wall_skull,minecraft,true,false,MANIFEST_DEFAULT,no manifest entry - defaulting to allowed
block,minecraft:crimson_pressure_plate,minecraft,true,false,MANIFEST_DEFAULT,no manifest entry - defaulting to allowed
block,minecraft:medium_amethyst_bud,minecraft,true,false,MANIFEST_DEFAULT,no manifest entry - defaulting to allowed
block,minecraft:oak_planks,minecraft,true,false,MANIFEST_DEFAULT,no manifest entry - defaulting to allowed
block,minecraft:orange_candle,minecraft,true,false,MANIFEST_DEFAULT,no manifest entry - defaulting to allowed
block,minecraft:green_candle_cake,minecraft,true,false,MANIFEST_DEFAULT,no manifest entry - defaulting to allowed
block,minecraft:white_shulker_box,minecraft,true,false,MANIFEST_DEFAULT,no manifest entry - defaulting to allowed
block,minecraft:warped_sign,minecraft,true,false,MANIFEST_DEFAULT,no manifest entry - defaulting to allowed
block,minecraft:grass,minecraft,true,false,MANIFEST_DEFAULT,no manifest entry - defaulting to allowed
block,minecraft:soul_soil,minecraft,true,false,MANIFEST_DEFAULT,no manifest entry - defaulting to allowed
block,minecraft:mangrove_door,minecraft,true,false,MANIFEST_DEFAULT,no manifest entry - defaulting to allowed
block,minecraft:cherry_stairs,minecraft,true,false,MANIFEST_DEFAULT,no manifest entry - defaulting to allowed
block,minecraft:pitcher_plant,minecraft,true,false,MANIFEST_DEFAULT,no manifest entry - defaulting to allowed
block,minecraft:gilded_blackstone,minecraft,true,false,MANIFEST_DEFAULT,no manifest entry - defaulting to allowed
block,minecraft:red_sandstone,minecraft,true,false,MANIFEST_DEFAULT,no manifest entry - defaulting to allowed
block,minecraft:stone_brick_wall,minecraft,true,false,MANIFEST_DEFAULT,no manifest entry - defaulting to allowed
block,minecraft:quartz_slab,minecraft,true,false,MANIFEST_DEFAULT,no manifest entry - defaulting to allowed
block,minecraft:cut_sandstone,minecraft,true,false,MANIFEST_DEFAULT,no manifest entry - defaulting to allowed
block,minecraft:bamboo_sign,minecraft,true,false,MANIFEST_DEFAULT,no manifest entry - defaulting to allowed
block,minecraft:zombie_wall_head,minecraft,true,false,MANIFEST_DEFAULT,no manifest entry - defaulting to allowed
block,minecraft:verdant_froglight,minecraft,true,false,MANIFEST_DEFAULT,no manifest entry - defaulting to allowed
block,minecraft:fern,minecraft,true,false,MANIFEST_DEFAULT,no manifest entry - defaulting to allowed
block,minecraft:spruce_button,minecraft,true,false,MANIFEST_DEFAULT,no manifest entry - defaulting to allowed
block,minecraft:shroomlight,minecraft,true,false,MANIFEST_DEFAULT,no manifest entry - defaulting to allowed
block,minecraft:flowering_azalea,minecraft,true,false,MANIFEST_DEFAULT,no manifest entry - defaulting to allowed
block,minecraft:infested_cobblestone,minecraft,true,false,MANIFEST_DEFAULT,no manifest entry - defaulting to allowed
block,minecraft:nether_brick_slab,minecraft,true,false,MANIFEST_DEFAULT,no manifest entry - defaulting to allowed
block,minecraft:gold_ore,minecraft,true,false,MANIFEST_DEFAULT,no manifest entry - defaulting to allowed
block,minecraft:twisting_vines,minecraft,true,false,MANIFEST_DEFAULT,no manifest entry - defaulting to allowed
block,minecraft:orange_terracotta,minecraft,true,false,MANIFEST_DEFAULT,no manifest entry - defaulting to allowed
block,minecraft:deepslate_tiles,minecraft,true,false,MANIFEST_DEFAULT,no manifest entry - defaulting to allowed
block,minecraft:bamboo_fence,minecraft,true,false,MANIFEST_DEFAULT,no manifest entry - defaulting to allowed
block,minecraft:enchanting_table,minecraft,true,false,MANIFEST_DEFAULT,no manifest entry - defaulting to allowed
block,minecraft:white_glazed_terracotta,minecraft,true,false,MANIFEST_DEFAULT,no manifest entry - defaulting to allowed
block,minecraft:red_glazed_terracotta,minecraft,true,false,MANIFEST_DEFAULT,no manifest entry - defaulting to allowed
block,minecraft:gold_block,minecraft,true,false,MANIFEST_DEFAULT,no manifest entry - defaulting to allowed
block,minecraft:polished_diorite_stairs,minecraft,true,false,MANIFEST_DEFAULT,no manifest entry - defaulting to allowed
block,minecraft:deepslate_diamond_ore,minecraft,true,false,MANIFEST_DEFAULT,no manifest entry - defaulting to allowed
block,minecraft:observer,minecraft,true,false,MANIFEST_DEFAULT,no manifest entry - defaulting to allowed
block,minecraft:potted_azure_bluet,minecraft,true,false,MANIFEST_DEFAULT,no manifest entry - defaulting to allowed
block,minecraft:campfire,minecraft,true,false,MANIFEST_DEFAULT,no manifest entry - defaulting to allowed
block,minecraft:polished_deepslate_wall,minecraft,true,false,MANIFEST_DEFAULT,no manifest entry - defaulting to allowed
block,minecraft:cherry_wood,minecraft,true,false,MANIFEST_DEFAULT,no manifest entry - defaulting to allowed
block,minecraft:dark_oak_slab,minecraft,true,false,MANIFEST_DEFAULT,no manifest entry - defaulting to allowed
block,minecraft:lime_glazed_terracotta,minecraft,true,false,MANIFEST_DEFAULT,no manifest entry - defaulting to allowed
block,minecraft:jungle_log,minecraft,true,false,MANIFEST_DEFAULT,no manifest entry - defaulting to allowed
block,minecraft:packed_mud,minecraft,true,false,MANIFEST_DEFAULT,no manifest entry - defaulting to allowed
block,minecraft:dragon_egg,minecraft,true,false,MANIFEST_DEFAULT,no manifest entry - defaulting to allowed
block,minecraft:barrier,minecraft,true,false,MANIFEST_DEFAULT,no manifest entry - defaulting to allowed
block,minecraft:brick_stairs,minecraft,true,false,MANIFEST_DEFAULT,"manifest.json (keep, added b1.8, verified)"
block,minecraft:bubble_coral_wall_fan,minecraft,true,false,MANIFEST_DEFAULT,no manifest entry - defaulting to allowed
block,minecraft:lime_stained_glass,minecraft,true,false,MANIFEST_DEFAULT,no manifest entry - defaulting to allowed
block,minecraft:orange_shulker_box,minecraft,true,false,MANIFEST_DEFAULT,no manifest entry - defaulting to allowed
block,minecraft:stripped_spruce_wood,minecraft,true,false,MANIFEST_DEFAULT,no manifest entry - defaulting to allowed
block,minecraft:acacia_wood,minecraft,true,false,MANIFEST_DEFAULT,no manifest entry - defaulting to allowed
block,minecraft:cherry_fence_gate,minecraft,true,false,MANIFEST_DEFAULT,no manifest entry - defaulting to allowed
block,minecraft:attached_pumpkin_stem,minecraft,true,false,MANIFEST_DEFAULT,no manifest entry - defaulting to allowed
block,minecraft:stripped_jungle_wood,minecraft,true,false,MANIFEST_DEFAULT,no manifest entry - defaulting to allowed
block,minecraft:coal_ore,minecraft,true,false,MANIFEST_DEFAULT,no manifest entry - defaulting to allowed
block,minecraft:lava_cauldron,minecraft,true,false,MANIFEST_DEFAULT,no manifest entry - defaulting to allowed
block,minecraft:cut_red_sandstone_slab,minecraft,true,false,MANIFEST_DEFAULT,no manifest entry - defaulting to allowed
block,minecraft:polished_andesite,minecraft,true,false,MANIFEST_DEFAULT,no manifest entry - defaulting to allowed
block,minecraft:black_stained_glass,minecraft,true,false,MANIFEST_DEFAULT,no manifest entry - defaulting to allowed
block,minecraft:mud,minecraft,true,false,MANIFEST_DEFAULT,no manifest entry - defaulting to allowed
structure,minecraft:desert_pyramid,minecraft,true,true,MANIFEST_DEFAULT,"manifest.json (remove, UNVERIFIED)"
structure,minecraft:ruined_portal_swamp,minecraft,true,true,MANIFEST_DEFAULT,"manifest.json (remove, UNVERIFIED)"
structure,minecraft:village_taiga,minecraft,true,true,MANIFEST_DEFAULT,"manifest.json (remove, UNVERIFIED)"
structure,minecraft:nether_fossil,minecraft,true,false,MANIFEST_DEFAULT,no manifest entry - defaulting to allowed
structure,minecraft:bastion_remnant,minecraft,true,true,MANIFEST_DEFAULT,"manifest.json (remove, UNVERIFIED)"
structure,minecraft:pillager_outpost,minecraft,true,true,MANIFEST_DEFAULT,"manifest.json (remove, UNVERIFIED)"
structure,minecraft:shipwreck,minecraft,true,true,MANIFEST_DEFAULT,"manifest.json (remove, UNVERIFIED)"
structure,minecraft:jungle_pyramid,minecraft,true,false,MANIFEST_DEFAULT,no manifest entry - defaulting to allowed
structure,minecraft:mineshaft_mesa,minecraft,true,false,MANIFEST_DEFAULT,"manifest.json (keep, verified)"
structure,minecraft:ruined_portal_jungle,minecraft,true,true,MANIFEST_DEFAULT,"manifest.json (remove, UNVERIFIED)"
structure,minecraft:swamp_hut,minecraft,true,true,MANIFEST_DEFAULT,"manifest.json (remove, UNVERIFIED)"
structure,minecraft:ocean_ruin_warm,minecraft,true,true,MANIFEST_DEFAULT,"manifest.json (remove, UNVERIFIED)"
structure,minecraft:village_plains,minecraft,true,false,MANIFEST_DEFAULT,"manifest.json (keep, verified)"
structure,minecraft:ruined_portal,minecraft,true,true,MANIFEST_DEFAULT,"manifest.json (remove, UNVERIFIED)"
structure,minecraft:buried_treasure,minecraft,true,true,MANIFEST_DEFAULT,"manifest.json (remove, UNVERIFIED)"
structure,minecraft:mansion,minecraft,true,true,MANIFEST_DEFAULT,"manifest.json (remove, UNVERIFIED)"
structure,minecraft:ruined_portal_desert,minecraft,true,true,MANIFEST_DEFAULT,"manifest.json (remove, UNVERIFIED)"
structure,minecraft:end_city,minecraft,true,true,MANIFEST_DEFAULT,"manifest.json (remove, UNVERIFIED)"
structure,minecraft:mineshaft,minecraft,true,false,MANIFEST_DEFAULT,"manifest.json (keep, verified)"
structure,minecraft:monument,minecraft,true,true,MANIFEST_DEFAULT,"manifest.json (remove, UNVERIFIED)"
structure,minecraft:igloo,minecraft,true,true,MANIFEST_DEFAULT,"manifest.json (remove, UNVERIFIED)"
structure,minecraft:ruined_portal_ocean,minecraft,true,true,MANIFEST_DEFAULT,"manifest.json (remove, UNVERIFIED)"
structure,minecraft:ruined_portal_mountain,minecraft,true,true,MANIFEST_DEFAULT,"manifest.json (remove, UNVERIFIED)"
structure,minecraft:fortress,minecraft,true,true,MANIFEST_DEFAULT,"manifest.json (remove, UNVERIFIED)"
structure,minecraft:trail_ruins,minecraft,true,true,MANIFEST_DEFAULT,"manifest.json (remove, UNVERIFIED)"
structure,minecraft:village_savanna,minecraft,true,true,MANIFEST_DEFAULT,"manifest.json (remove, UNVERIFIED)"
structure,minecraft:ruined_portal_nether,minecraft,true,true,MANIFEST_DEFAULT,"manifest.json (remove, UNVERIFIED)"
structure,minecraft:shipwreck_beached,minecraft,true,false,MANIFEST_DEFAULT,no manifest entry - defaulting to allowed
structure,minecraft:stronghold,minecraft,true,false,MANIFEST_DEFAULT,"manifest.json (keep, verified)"
structure,minecraft:ancient_city,minecraft,true,true,MANIFEST_DEFAULT,"manifest.json (remove, UNVERIFIED)"
structure,minecraft:village_desert,minecraft,true,false,MANIFEST_DEFAULT,"manifest.json (keep, verified)"
structure,minecraft:ocean_ruin_cold,minecraft,true,true,MANIFEST_DEFAULT,"manifest.json (remove, UNVERIFIED)"
structure,minecraft:village_snowy,minecraft,true,true,MANIFEST_DEFAULT,"manifest.json (remove, UNVERIFIED)"
dimension,minecraft:overworld_caves,minecraft,true,false,MANIFEST_DEFAULT,no manifest entry - defaulting to allowed
dimension,minecraft:overworld,minecraft,true,false,MANIFEST_DEFAULT,no manifest entry - defaulting to allowed
dimension,minecraft:the_end,minecraft,true,true,MANIFEST_DEFAULT,"manifest.json (remove, added 1.0.0, verified)"
dimension,minecraft:the_nether,minecraft,true,false,USER_OVERRIDE,config/unbeta/overrides.json
system,system/unbeta.advancements,unbeta,true,false,MANIFEST_DEFAULT,"manifest.json (defer, added 1.12, verified)"
system,system/unbeta.adventure_mode,unbeta,true,true,MANIFEST_DEFAULT,"manifest.json (remove, added 1.3, verified)"
system,system/unbeta.attack_cooldown,unbeta,true,false,MANIFEST_DEFAULT,"manifest.json (defer, added 1.9, verified)"
system,system/unbeta.baby_mobs,unbeta,true,true,MANIFEST_DEFAULT,"manifest.json (remove, added 1.2, verified)"
system,system/unbeta.breeding,unbeta,true,true,MANIFEST_DEFAULT,"manifest.json (remove, added 1.2, verified)"
system,system/unbeta.brewing,unbeta,true,true,MANIFEST_DEFAULT,"manifest.json (remove, added 1.0.0, verified)"
system,system/unbeta.climbable_vines,unbeta,true,true,MANIFEST_DEFAULT,"manifest.json (remove, added 1.0.0, verified)"
system,system/unbeta.creative_mode,unbeta,true,false,MANIFEST_DEFAULT,"manifest.json (keep, added b1.8, verified)"
system,system/unbeta.elytra,unbeta,true,true,MANIFEST_DEFAULT,"manifest.json (remove, added 1.9, verified)"
system,system/unbeta.enchanting,unbeta,true,true,MANIFEST_DEFAULT,"manifest.json (remove, added 1.0.0, verified)"
system,system/unbeta.experience_orbs,unbeta,true,false,MANIFEST_DEFAULT,"manifest.json (keep, added b1.8, verified)"
system,system/unbeta.hunger,unbeta,true,false,MANIFEST_DEFAULT,"manifest.json (keep, added b1.8, verified)"
system,system/unbeta.mob_daylight_burn,unbeta,true,false,MANIFEST_DEFAULT,"manifest.json (keep, added b1.8, verified)"
system,system/unbeta.offhand,unbeta,true,true,MANIFEST_DEFAULT,"manifest.json (remove, added 1.9, verified)"
system,system/unbeta.raids,unbeta,true,true,MANIFEST_DEFAULT,"manifest.json (remove, added 1.14, verified)"
system,system/unbeta.recipe_book,unbeta,true,true,MANIFEST_DEFAULT,"manifest.json (remove, added 1.12, verified)"
system,system/unbeta.shields,unbeta,true,true,MANIFEST_DEFAULT,"manifest.json (remove, added 1.9, verified)"
system,system/unbeta.spawn_eggs,unbeta,true,true,MANIFEST_DEFAULT,"manifest.json (remove, added 1.1, verified)"
system,system/unbeta.spectator_mode,unbeta,true,true,MANIFEST_DEFAULT,"manifest.json (remove, added 1.8, verified)"
system,system/unbeta.sprinting,unbeta,true,false,MANIFEST_DEFAULT,"manifest.json (keep, added b1.8, verified)"
system,system/unbeta.sweep_attack,unbeta,true,false,MANIFEST_DEFAULT,"manifest.json (defer, added 1.9, verified)"
system,system/unbeta.swimming,unbeta,true,true,MANIFEST_DEFAULT,"manifest.json (remove, added 1.13, verified)"
system,system/unbeta.trading,unbeta,true,true,MANIFEST_DEFAULT,"manifest.json (remove, added 1.3, verified)"
system,system/unbeta.world_height_clamp,unbeta,true,false,MANIFEST_DEFAULT,"manifest.json (keep, verified)"
